2015-08-07 13:38:07.393,2015-08-07 13:38:07.398,-0.125443,-0.151282,0.322051,0.502608,0.25977,-0.58227,-23.378798,-11.175803,19.38279,16.872382,147.192749,-23.288872
2015-08-07 13:38:07.405,2015-08-07 13:38:07.411,-0.101549,-0.107273,0.275601,0.347448,0.211511,-0.588989,-23.062021,-10.990385,19.354355,16.895579,147.178501,-23.155311
2015-08-07 13:38:07.417,2015-08-07 13:38:07.424,-0.101549,-0.107273,0.275601,0.158386,0.186466,-0.6177,-22.808599,-10.842051,19.331608,16.893657,147.129925,-23.150945
2015-08-07 13:38:07.429,2015-08-07 13:38:07.433,-0.099558,-0.132028,0.275601,0.048124,0.165697,-0.641524,-22.954288,-10.98391,19.52141,16.835938,147.198609,-23.309245
2015-08-07 13:38:07.436,2015-08-07 13:38:07.440,-0.099558,-0.132028,0.275601,-0.001967,0.167224,-0.658933,-23.070839,-11.097397,19.67325,16.810921,147.484848,-23.434212
2015-08-07 13:38:07.447,2015-08-07 13:38:07.451,-0.093585,-0.151282,0.266311,-0.056334,0.181884,-0.676649,-22.935631,-11.397582,19.748323,16.717076,147.664633,-23.724216
2015-08-07 13:38:07.460,2015-08-07 13:38:07.463,-0.093585,-0.151282,0.266311,-0.157126,0.20357,-0.691615,-22.827465,-11.63773,19.808382,16.627665,147.762345,-24.101605
2015-08-07 13:38:07.471,2015-08-07 13:38:07.475,-0.077655,-0.129277,0.241538,-0.317478,0.234419,-0.722158,-22.642321,-11.803064,19.794029,16.542059,147.834349,-24.518504
2015-08-07 13:38:07.478,2015-08-07 13:38:07.483,-0.077655,-0.129277,0.241538,-0.570377,0.281455,-0.742927,-22.494205,-11.935332,19.782547,16.490918,148.059404,-24.908773
2015-08-07 13:38:07.489,2015-08-07 13:38:07.494,-0.091594,-0.09352,0.241538,-0.811974,0.28787,-0.759726,-22.32312,-12.428284,19.658161,16.519263,147.779284,-25.520367
2015-08-07 13:38:07.501,2015-08-07 13:38:07.505,-0.091594,-0.09352,0.241538,-0.93995,0.253661,-0.751174,-22.186253,-12.822645,19.558651,16.521785,147.467268,-26.223408
2015-08-07 13:38:07.513,2015-08-07 13:38:07.516,-0.111505,-0.137529,0.297277,-0.914294,0.203876,-0.692836,-21.810509,-13.20144,19.704643,16.492217,147.330254,-26.913915
2015-08-07 13:38:07.525,2015-08-07 13:38:07.529,-0.115487,-0.159534,0.322051,-0.847404,0.151341,-0.618616,-21.74165,-13.894048,19.578238,16.418054,147.218649,-27.626891
2015-08-07 13:38:07.533,2015-08-07 13:38:07.536,-0.115487,-0.159534,0.322051,-0.8022,0.076816,-0.543785,-21.686562,-14.448133,19.477114,16.370095,147.283973,-28.015573
2015-08-07 13:38:07.545,2015-08-07 13:38:07.548,-0.121461,-0.154033,0.337534,-0.838241,-0.035584,-0.483615,-21.833139,-15.022884,19.301815,16.231362,147.181943,-28.612535
2015-08-07 13:38:07.557,2015-08-07 13:38:07.560,-0.121461,-0.154033,0.337534,-0.969882,-0.151343,-0.434746,-21.950401,-15.482685,19.161575,16.054324,147.138544,-29.218535
2015-08-07 13:38:07.563,2015-08-07 13:38:07.566,-0.121461,-0.154033,0.337534,-1.187656,-0.248165,-0.404508,-22.044212,-15.850525,19.049383,15.944894,147.187667,-29.602262
2015-08-07 13:38:07.575,2015-08-07 13:38:07.580,-0.105532,-0.104522,0.312761,-1.515996,-0.334602,-0.398705,-21.933542,-16.380974,18.64283,15.653098,147.024439,-30.417496
2015-08-07 13:38:07.588,2015-08-07 13:38:07.591,-0.111505,-0.112774,0.303471,-1.881904,-0.450361,-0.398705,-21.412762,-17.484652,18.181587,15.284584,146.829615,-31.590264
2015-08-07 13:38:07.595,2015-08-07 13:38:07.598,-0.111505,-0.112774,0.303471,-2.180923,-0.560622,-0.355028,-20.996138,-18.367594,17.812593,15.093554,146.649803,-32.178654
2015-08-07 13:38:07.606,2015-08-07 13:38:07.609,-0.113496,-0.129277,0.257021,-2.357463,-0.667524,-0.276837,-20.731867,-19.134817,17.222998,14.735752,146.567144,-33.618382
2015-08-07 13:38:07.618,2015-08-07 13:38:07.621,-0.113496,-0.129277,0.257021,-2.450925,-0.76007,-0.219416,-20.520451,-19.748596,16.751322,14.367554,146.50835,-35.020183
2015-08-07 13:38:07.629,2015-08-07 13:38:07.633,-0.105532,-0.178788,0.216765,-2.541639,-0.800081,-0.18704,-20.121225,-20.707106,16.28758,14.021036,146.785792,-36.636462
2015-08-07 13:38:07.640,2015-08-07 13:38:07.644,-0.105532,-0.178788,0.216765,-2.625022,-0.813215,-0.175128,-19.801844,-21.473913,15.916588,13.676945,146.996326,-38.297076
2015-08-07 13:38:07.652,2015-08-07 13:38:07.658,-0.101549,-0.209044,0.195088,-2.705351,-0.83093,-0.17635,-19.704117,-22.51589,15.046993,13.269421,147.446572,-40.260547
2015-08-07 13:38:07.659,2015-08-07 13:38:07.663,-0.101549,-0.209044,0.195088,-2.709932,-0.845896,-0.177572,-19.625935,-23.349472,14.351317,13.09902,147.674359,-41.40989
2015-08-07 13:38:07.671,2015-08-07 13:38:07.677,-0.099558,-0.239301,0.216765,-2.621051,-0.842537,-0.134811,-19.348089,-24.405909,13.623577,12.72431,148.008847,-43.13818
2015-08-07 13:38:07.683,2015-08-07 13:38:07.686,-0.099558,-0.239301,0.216765,-2.512623,-0.799471,-0.072197,-19.125813,-25.251059,13.041385,12.400578,148.281044,-44.816474
2015-08-07 13:38:07.694,2015-08-07 13:38:07.703,-0.109514,-0.214545,0.232248,-2.519648,-0.793362,-0.078612,-18.949635,-26.251009,12.206031,12.113083,148.261373,-46.364683
2015-08-07 13:38:07.702,2015-08-07 13:38:07.706,-0.109514,-0.214545,0.232248,-2.689468,-0.866055,-0.09877,-18.808693,-27.05097,11.537747,11.946136,148.082149,-47.381944
2015-08-07 13:38:07.714,2015-08-07 13:38:07.717,-0.107523,-0.173287,0.210571,-2.985127,-0.961961,-0.135422,-18.51844,-27.929552,10.476721,11.60137,147.882707,-49.032022
2015-08-07 13:38:07.726,2015-08-07 13:38:07.729,-0.095576,-0.225548,0.167219,-3.318354,-1.059699,-0.189484,-18.286238,-28.632418,9.2183,11.196539,148.00994,-51.231418
2015-08-07 13:38:07.733,2015-08-07 13:38:07.737,-0.095576,-0.225548,0.167219,-3.518412,-1.127811,-0.227052,-18.16293,-29.33593,8.325163,10.98401,147.907678,-52.655926
2015-08-07 13:38:07.745,2015-08-07 13:38:07.749,-0.095576,-0.280559,0.151735,-3.498865,-1.173015,-0.226441,-18.064283,-29.898739,7.610653,10.520025,148.29801,-55.068926
2015-08-07 13:38:07.757,2015-08-07 13:38:07.761,-0.077655,-0.280559,0.151735,-3.271317,-1.187981,-0.212086,-18.067541,-30.731255,6.439045,10.019414,148.724501,-57.313914
2015-08-07 13:38:07.769,2015-08-07 13:38:07.773,-0.061726,-0.316317,0.145542,-2.953667,-1.173015,-0.191011,-17.670774,-31.750317,4.924159,9.520903,149.215222,-59.285229
2015-08-07 13:38:07.776,2015-08-07 13:38:07.780,-0.061726,-0.316317,0.145542,-2.62044,-1.119259,-0.145501,-17.353361,-32.565567,3.71225,9.257868,149.377958,-60.418617
2015-08-07 13:38:07.788,2015-08-07 13:38:07.792,-0.043806,-0.297063,0.126962,-2.367237,-1.043817,-0.100603,-17.119152,-33.152027,2.430723,8.834391,149.779259,-62.06276
2015-08-07 13:38:07.800,2015-08-07 13:38:07.803,-0.043806,-0.297063,0.126962,-2.155267,-0.968986,-0.057842,-16.931784,-33.621197,1.405501,8.501402,150.056169,-63.465974
2015-08-07 13:38:07.806,2015-08-07 13:38:07.809,-0.027876,-0.272308,0.130059,-2.005299,-0.886519,-0.016303,-16.865709,-34.008705,0.345324,8.282584,150.043588,-64.218538
2015-08-07 13:38:07.818,2015-08-07 13:38:07.821,-0.027876,-0.272308,0.130059,-1.901147,-0.776258,0.040813,-16.812849,-34.31871,-0.502818,8.035016,150.14813,-65.365826
2015-08-07 13:38:07.829,2015-08-07 13:38:07.833,-0.011947,-0.247552,0.099092,-1.812571,-0.649809,0.092125,-16.796858,-34.542366,-1.624532,7.815261,150.285718,-66.528337
2015-08-07 13:38:07.840,2015-08-07 13:38:07.843,-0.011947,-0.247552,0.099092,-1.713611,-0.534355,0.132748,-16.784065,-34.721291,-2.521903,7.657229,150.334554,-67.626919
2015-08-07 13:38:07.852,2015-08-07 13:38:07.855,-0.009956,-0.280559,0.092899,-1.540431,-0.418902,0.190475,-17.003923,-35.049477,-3.695799,7.563974,150.389373,-68.721026
2015-08-07 13:38:07.864,2015-08-07 13:38:07.868,-0.009956,-0.280559,0.092899,-1.301277,-0.286649,0.256754,-17.17981,-35.312027,-4.634917,7.547627,150.337231,-69.617236
2015-08-07 13:38:07.871,2015-08-07 13:38:07.875,-0.029867,-0.33007,0.095996,-1.020279,-0.183718,0.289129,-17.249847,-35.492851,-5.274211,7.586541,150.108966,-70.083963
2015-08-07 13:38:07.883,2015-08-07 13:38:07.887,-0.029867,-0.33007,0.095996,-0.780514,-0.114385,0.288213,-17.305878,-35.637508,-5.785646,7.69959,149.900673,-70.669153
2015-08-07 13:38:07.895,2015-08-07 13:38:07.901,-0.05177,-0.371328,0.126962,-0.61161,-0.066127,0.259808,-17.273457,-35.609581,-6.082794,7.850044,149.543085,-71.086314
2015-08-07 13:38:07.903,2015-08-07 13:38:07.907,-0.05177,-0.371328,0.126962,-0.552356,-0.066127,0.192002,-17.247519,-35.587238,-6.320513,7.915367,149.139721,-71.331306
2015-08-07 13:38:07.915,2015-08-07 13:38:07.919,-0.081638,-0.382331,0.139349,-0.599087,-0.11072,-0.023023,-17.300728,-35.545013,-6.494688,7.937135,148.635681,-71.668997
2015-08-07 13:38:07.927,2015-08-07 13:38:07.930,-0.049779,-0.407086,0.111479,-0.683692,-0.160506,-0.243545,-17.713085,-35.284798,-7.080427,7.726319,148.327243,-72.197654
2015-08-07 13:38:07.939,2015-08-07 13:38:07.941,-0.049779,-0.407086,0.111479,-0.606723,-0.127824,-0.191927,-18.042971,-35.076626,-7.549019,7.569012,148.014215,-72.637723
2015-08-07 13:38:07.946,2015-08-07 13:38:07.949,-0.049779,-0.407086,0.111479,-0.564268,-0.114385,-0.213613,-18.306879,-34.910088,-7.923892,7.46311,147.685,-72.902468
2015-08-07 13:38:07.957,2015-08-07 13:38:07.960,-0.057744,-0.349324,0.099092,-0.527616,-0.130573,-0.294858,-18.639626,-35.064167,-8.049391,7.289402,147.315091,-73.260752
2015-08-07 13:38:07.969,2015-08-07 13:38:07.974,-0.061726,-0.387832,0.114576,-0.221878,-0.123854,-0.276226,-18.135015,-35.085167,-8.20259,7.113424,146.927587,-73.407964
2015-08-07 13:38:07.980,2015-08-07 13:38:07.986,-0.061726,-0.387832,0.114576,0.046292,-0.108277,-0.262787,-17.731327,-35.101967,-8.32515,6.971157,146.518322,-73.373533
2015-08-07 13:38:07.988,2015-08-07 13:38:07.990,-0.071682,-0.365827,0.126962,0.071948,-0.139125,-0.343727,-17.380436,-35.285843,-8.797597,6.876208,146.006085,-73.276032
2015-08-07 13:38:07.999,2015-08-07 13:38:08.002,-0.071682,-0.365827,0.126962,0.0524,-0.176388,-0.414282,-17.099724,-35.432945,-9.175554,6.652712,145.499299,-73.173695
2015-08-07 13:38:08.010,2015-08-07 13:38:08.013,-0.0677,-0.33282,0.111479,0.018497,-0.201433,-0.478423,-16.783117,-35.611496,-9.244321,6.403599,144.983497,-73.103248
2015-08-07 13:38:08.022,2015-08-07 13:38:08.025,-0.0677,-0.33282,0.111479,-0.091153,-0.235336,-0.551727,-16.529833,-35.754337,-9.299334,6.085153,144.473104,-73.104307
2015-08-07 13:38:08.034,2015-08-07 13:38:08.037,-0.065708,-0.346573,0.111479,-0.214548,-0.280541,-0.614035,-16.317343,-35.895393,-9.424944,5.712219,144.001356,-73.202716
2015-08-07 13:38:08.041,2015-08-07 13:38:08.044,-0.065708,-0.346573,0.111479,-0.225849,-0.312,-0.671762,-16.14735,-36.00824,-9.525433,5.517635,143.506591,-73.242174
2015-08-07 13:38:08.052,2015-08-07 13:38:08.057,-0.057744,-0.385081,0.114576,-0.125361,-0.324828,-0.704443,-15.986705,-35.9086,-9.597823,5.071123,143.11268,-73.308174
2015-08-07 13:38:08.065,2015-08-07 13:38:08.069,-0.057744,-0.385081,0.114576,0.027355,-0.323301,-0.724602,-15.858189,-35.828888,-9.655736,4.569216,142.722977,-73.270192
2015-08-07 13:38:08.072,2015-08-07 13:38:08.075,-0.057744,-0.382331,0.117672,0.166938,-0.338573,-0.738651,-15.385585,-35.889294,-9.610867,4.316444,142.285012,-73.17573
2015-08-07 13:38:08.084,2015-08-07 13:38:08.087,-0.057744,-0.382331,0.117672,0.240852,-0.363313,-0.770111,-15.007502,-35.937618,-9.57497,3.862157,141.872523,-72.994177
2015-08-07 13:38:08.095,2015-08-07 13:38:08.100,-0.053761,-0.343823,0.123866,0.227413,-0.399659,-0.816231,-14.552188,-36.093151,-9.578254,3.363841,141.426676,-72.764403
2015-08-07 13:38:08.107,2015-08-07 13:38:08.112,-0.047788,-0.338321,0.126962,0.079889,-0.447307,-0.88251,-14.187937,-36.217575,-9.58088,2.744267,141.010867,-72.614412
2015-08-07 13:38:08.115,2015-08-07 13:38:08.118,-0.047788,-0.338321,0.126962,-0.074049,-0.489151,-0.962534,-13.769985,-36.297638,-9.395782,2.403045,140.541661,-72.553971
2015-08-07 13:38:08.126,2015-08-07 13:38:08.129,-0.047788,-0.338321,0.126962,-0.194694,-0.520916,-1.018122,-13.435624,-36.361687,-9.247703,1.777288,140.119077,-72.583976
2015-08-07 13:38:08.138,2015-08-07 13:38:08.142,-0.037832,-0.343823,0.120769,-0.2231,-0.53405,-1.05172,-12.869016,-36.42997,-9.43644,1.056313,139.740275,-72.673063
2015-08-07 13:38:08.150,2015-08-07 13:38:08.153,-0.025885,-0.357575,0.111479,-0.208134,-0.546572,-1.076765,-12.164271,-36.574684,-9.613029,0.303019,139.409844,-72.798335
2015-08-07 13:38:08.157,2015-08-07 13:38:08.161,-0.025885,-0.357575,0.111479,-0.136968,-0.545045,-1.109141,-11.600476,-36.690456,-9.7543,-0.108195,138.994473,-72.832664
2015-08-07 13:38:08.168,2015-08-07 13:38:08.173,-0.01792,-0.37958,0.120769,-0.02915,-0.553292,-1.128689,-11.14944,-36.783073,-9.867317,-0.839619,138.642636,-72.828395
2015-08-07 13:38:08.180,2015-08-07 13:38:08.184,-0.01792,-0.37958,0.120769,0.098826,-0.551154,-1.145488,-10.803403,-36.706207,-10.19453,-1.592249,138.27498,-72.739472
2015-08-07 13:38:08.191,2015-08-07 13:38:08.197,-0.009956,-0.349324,0.130059,0.189234,-0.557873,-1.162287,-9.895463,-36.929592,-10.286701,-2.367715,137.865797,-72.541424
2015-08-07 13:38:08.204,2015-08-07 13:38:08.208,-0.009956,-0.349324,0.130059,0.200841,-0.582003,-1.185805,-9.169111,-37.108299,-10.360438,-3.200481,137.445099,-72.32919
2015-08-07 13:38:08.211,2015-08-07 13:38:08.214,0,-0.33007,0.133155,0.107073,-0.6156,-1.239561,-8.336573,-37.34866,-10.331428,-3.696662,136.965374,-72.18954
2015-08-07 13:38:08.223,2015-08-07 13:38:08.226,0,-0.33007,0.133155,-0.031593,-0.647365,-1.300953,-7.670541,-37.540947,-10.308219,-4.65488,136.535673,-72.117754
2015-08-07 13:38:08.235,2015-08-07 13:38:08.238,0.003455,-0.33282,0.133155,-0.188586,-0.680352,-1.351044,-7.021027,-37.405033,-10.310452,-5.57174,136.099893,-72.151994
2015-08-07 13:38:08.242,2015-08-07 13:38:08.245,0.003455,-0.33282,0.133155,-0.259141,-0.709979,-1.413963,-6.501415,-37.296299,-10.312239,-6.116993,135.59297,-72.15823
2015-08-07 13:38:08.253,2015-08-07 13:38:08.257,0.038007,-0.349324,0.126962,-0.234706,-0.722196,-1.455196,-5.776745,-37.165485,-10.268868,-7.1449,135.27288,-72.278421
2015-08-07 13:38:08.265,2015-08-07 13:38:08.269,0.038007,-0.349324,0.126962,-0.153767,-0.715171,-1.465886,-5.19701,-37.060837,-10.234172,-8.199459,134.934895,-72.346805
2015-08-07 13:38:08.277,2015-08-07 13:38:08.281,0.058738,-0.354825,0.123866,-0.045033,-0.722502,-1.484213,-4.705281,-36.72633,-10.275215,-9.317154,134.668531,-72.368764
2015-08-07 13:38:08.284,2015-08-07 13:38:08.291,0.058738,-0.354825,0.123866,-0.00105,-0.717615,-1.497957,-4.311898,-36.458725,-10.308049,-9.959038,134.317664,-72.348396
2015-08-07 13:38:08.296,2015-08-07 13:38:08.299,0.082924,-0.338321,0.117672,0.045681,-0.70387,-1.494903,-3.380874,-36.656124,-10.518316,-11.11254,134.083211,-72.321308
2015-08-07 13:38:08.308,2015-08-07 13:38:08.311,0.082924,-0.338321,0.117672,0.111654,-0.703259,-1.501928,-2.636055,-36.814045,-10.68653,-12.273492,133.819184,-72.2486
2015-08-07 13:38:08.320,2015-08-07 13:38:08.323,0.096745,-0.310816,0.130059,0.149528,-0.698983,-1.510174,-2.094435,-36.562984,-10.280301,-13.456594,133.554965,-72.092462
2015-08-07 13:38:08.327,2015-08-07 13:38:08.330,0.096745,-0.310816,0.130059,0.105546,-0.710895,-1.533693,-1.661139,-36.362133,-9.955318,-14.236314,133.234383,-71.981185
2015-08-07 13:38:08.339,2015-08-07 13:38:08.342,0.114021,-0.297063,0.123866,0.016665,-0.730137,-1.568817,-0.95786,-36.074844,-10.096931,-15.452844,133.011842,-71.929002
2015-08-07 13:38:08.350,2015-08-07 13:38:08.354,0.138207,-0.299813,0.111479,-0.048698,-0.735024,-1.592336,-0.032021,-35.901012,-9.983023,-16.772937,132.877191,-71.972654
2015-08-07 13:38:08.362,2015-08-07 13:38:08.365,0.138207,-0.299813,0.111479,-0.019987,-0.724945,-1.57798,0.708651,-35.761948,-9.891895,-18.020594,132.711696,-71.995091
2015-08-07 13:38:08.369,2015-08-07 13:38:08.372,0.138207,-0.297063,0.108382,0.047819,-0.708452,-1.549575,1.301189,-35.650696,-9.818994,-18.793641,132.481518,-71.975823
2015-08-07 13:38:08.380,2015-08-07 13:38:08.383,0.162393,-0.297063,0.108382,0.120817,-0.677908,-1.512007,1.983945,-35.578739,-9.824672,-20.024441,132.344846,-71.916462
2015-08-07 13:38:08.393,2015-08-07 13:38:08.396,0.176214,-0.280559,0.111479,0.180071,-0.650419,-1.458556,2.863784,-35.69648,-10.205215,-21.33627,132.206371,-71.788642
2015-08-07 13:38:08.404,2015-08-07 13:38:08.410,0.176214,-0.280559,0.111479,0.272312,-0.640035,-1.410603,3.567655,-35.790672,-10.509649,-22.551268,132.036081,-71.606419
2015-08-07 13:38:08.412,2015-08-07 13:38:08.415,0.186579,-0.261305,0.117672,0.342561,-0.644005,-1.364788,4.207996,-35.610371,-10.628397,-23.376078,131.815233,-71.417237
2015-08-07 13:38:08.424,2015-08-07 13:38:08.428,0.186579,-0.261305,0.117672,0.40487,-0.650725,-1.314087,4.72027,-35.466129,-10.723394,-24.558343,131.641501,-71.122801
2015-08-07 13:38:08.436,2015-08-07 13:38:08.441,0.196945,-0.242051,0.117672,0.400288,-0.646449,-1.268577,5.350319,-35.309341,-10.812193,-25.794022,131.489215,-70.807997
2015-08-07 13:38:08.447,2015-08-07 13:38:08.451,0.196945,-0.242051,0.117672,0.400899,-0.645838,-1.206574,5.854359,-35.18391,-10.883232,-26.878118,131.315236,-70.523383
2015-08-07 13:38:08.454,2015-08-07 13:38:08.458,0.217676,-0.239301,0.114576,0.464735,-0.625985,-1.136019,6.535345,-34.917999,-10.506463,-27.628305,131.13343,-70.307549
2015-08-07 13:38:08.466,2015-08-07 13:38:08.470,0.217676,-0.239301,0.114576,0.558808,-0.606743,-1.052636,7.080133,-34.705269,-10.205048,-28.659457,131.010746,-69.937503
2015-08-07 13:38:08.478,2015-08-07 13:38:08.482,0.231496,-0.225548,0.095996,0.628141,-0.555735,-0.962839,7.460085,-34.530216,-9.999115,-29.705637,130.981527,-69.551126
2015-08-07 13:38:08.489,2015-08-07 13:38:08.493,0.231496,-0.23655,0.086706,0.640969,-0.504423,-0.863573,7.764046,-34.390175,-9.83437,-30.59127,130.96023,-69.228407
2015-08-07 13:38:08.496,2015-08-07 13:38:08.501,0.231496,-0.23655,0.086706,0.668458,-0.457997,-0.768889,8.414806,-34.000572,-9.720173,-31.163968,130.862996,-69.041758
2015-08-07 13:38:08.508,2015-08-07 13:38:08.511,0.231496,-0.23655,0.086706,0.723131,-0.424399,-0.647327,8.935415,-33.688889,-9.628816,-31.879584,130.804871,-68.674328
2015-08-07 13:38:08.519,2015-08-07 13:38:08.523,0.221131,-0.228298,0.108382,0.77536,-0.406684,-0.539509,9.17769,-33.524761,-9.44693,-32.501097,130.63917,-68.191024
2015-08-07 13:38:08.531,2015-08-07 13:38:08.535,0.217676,-0.220046,0.111479,0.765586,-0.396605,-0.432608,9.430676,-33.308243,-9.112621,-33.049858,130.473634,-67.710397
2015-08-07 13:38:08.544,2015-08-07 13:38:08.547,0.217676,-0.220046,0.111479,0.7158,-0.406073,-0.326928,9.633064,-33.135025,-8.845174,-33.551265,130.360171,-67.260138
2015-08-07 13:38:08.550,2015-08-07 13:38:08.554,0.217676,-0.200792,0.099092,0.642802,-0.399965,-0.213002,9.794975,-32.996452,-8.631216,-33.90065,130.228772,-67.056093
2015-08-07 13:38:08.562,2015-08-07 13:38:08.566,0.217676,-0.200792,0.099092,0.503219,-0.388053,-0.107322,9.804527,-32.778461,-8.27765,-34.276041,130.227037,-66.831864
2015-08-07 13:38:08.574,2015-08-07 13:38:08.577,0.21422,-0.214545,0.092899,0.345616,-0.360564,-0.000115,10.08828,-32.733116,-8.194798,-34.53247,130.244959,-66.771622
2015-08-07 13:38:08.586,2015-08-07 13:38:08.590,0.21422,-0.214545,0.092899,0.222526,-0.316276,0.108924,10.315281,-32.696838,-8.128515,-34.708313,130.27355,-66.795152
2015-08-07 13:38:08.593,2015-08-07 13:38:08.599,0.196945,-0.23655,0.089803,0.180071,-0.258244,0.204219,10.533039,-32.623989,-8.13149,-34.733769,130.104462,-66.868242
2015-08-07 13:38:08.604,2015-08-07 13:38:08.607,0.196945,-0.23655,0.089803,0.172436,-0.192881,0.302263,10.707246,-32.565708,-8.133869,-34.661441,130.015683,-66.945969
2015-08-07 13:38:08.616,2015-08-07 13:38:08.618,0.172758,-0.261305,0.099092,0.235049,-0.136376,0.412219,10.764436,-32.618912,-8.207772,-34.385884,129.743296,-66.953776
2015-08-07 13:38:08.628,2015-08-07 13:38:08.631,0.172758,-0.261305,0.099092,0.29186,-0.087813,0.510873,10.810187,-32.661476,-8.266895,-34.024635,129.485183,-66.917972
2015-08-07 13:38:08.635,2015-08-07 13:38:08.638,0.158938,-0.253053,0.092899,0.250626,-0.036194,0.575014,10.841859,-32.607872,-8.154194,-33.750529,129.089305,-66.930526
2015-08-07 13:38:08.646,2015-08-07 13:38:08.649,0.158938,-0.253053,0.092899,0.156553,0.031306,0.637017,10.867196,-32.564991,-8.064033,-33.281955,128.759448,-66.967642
2015-08-07 13:38:08.658,2015-08-07 13:38:08.662,0.145117,-0.269557,0.083609,0.120512,0.088117,0.700547,10.665591,-32.503902,-8.019103,-32.681274,128.36592,-67.057773
2015-08-07 13:38:08.670,2015-08-07 13:38:08.674,0.127841,-0.288811,0.089803,0.117152,0.151952,0.767742,10.504307,-32.455032,-7.98316,-31.941612,127.801541,-67.099983
2015-08-07 13:38:08.677,2015-08-07 13:38:08.680,0.127841,-0.288811,0.089803,0.160829,0.216704,0.847766,9.995627,-32.37698,-8.004004,-31.411514,127.210689,-67.129606
2015-08-07 13:38:08.689,2015-08-07 13:38:08.692,0.127841,-0.288811,0.089803,0.279948,0.301919,0.929316,9.588684,-32.314537,-8.02068,-30.591523,126.664055,-67.049399
2015-08-07 13:38:08.700,2015-08-07 13:38:08.704,0.114021,-0.308065,0.077416,0.515436,0.398131,1.003842,9.115213,-32.230495,-8.101222,-29.647228,126.034271,-66.849493
2015-08-07 13:38:08.713,2015-08-07 13:38:08.716,0.1002,-0.327319,0.092899,0.780246,0.494037,1.095472,8.728219,-32.121868,-7.924055,-28.491487,125.259304,-66.349407
2015-08-07 13:38:08.719,2015-08-07 13:38:08.722,0.1002,-0.327319,0.092899,1.052998,0.583834,1.162056,8.418624,-32.034966,-7.782321,-27.724148,124.51189,-66.022938
2015-08-07 13:38:08.730,2015-08-07 13:38:08.734,0.1002,-0.327319,0.092899,1.314754,0.682794,1.201457,8.170947,-31.965445,-7.668934,-26.59724,123.741048,-65.261788
2015-08-07 13:38:08.742,2015-08-07 13:38:08.745,0.072559,-0.341072,0.120769,1.523059,0.788168,1.227113,7.695052,-31.975569,-7.192625,-25.345391,122.768757,-64.234617
2015-08-07 13:38:08.754,2015-08-07 13:38:08.757,0.034552,-0.319067,0.126962,1.625684,0.878882,1.237498,7.269961,-31.876535,-6.680377,-23.906593,121.611149,-62.967521
2015-08-07 13:38:08.766,2015-08-07 13:38:08.769,0.034552,-0.319067,0.126962,1.704791,0.938747,1.236581,6.929889,-31.797308,-6.270579,-22.485579,120.495493,-61.71666
2015-08-07 13:38:08.773,2015-08-07 13:38:08.777,0.020731,-0.316317,0.136252,1.787258,0.980591,1.238414,6.465539,-31.782623,-5.87074,-21.440831,119.435693,-60.885911
2015-08-07 13:38:08.784,2015-08-07 13:38:08.788,0.020731,-0.316317,0.136252,1.857202,1.028849,1.222531,6.09406,-31.770876,-5.550869,-20.035503,118.347494,-59.605551
2015-08-07 13:38:08.796,2015-08-07 13:38:08.801,0.00691,-0.33007,0.157929,1.954024,1.071915,1.223753,5.62102,-31.617823,-4.776573,-18.556386,117.240129,-58.185828
2015-08-07 13:38:08.809,2015-08-07 13:38:08.812,0.00691,-0.33007,0.157929,2.130564,1.107956,1.155336,5.242589,-31.49538,-4.157135,-17.078055,116.154634,-56.640921
2015-08-07 13:38:08.816,2015-08-07 13:38:08.820,-0.005973,-0.357575,0.222958,2.374605,1.148884,1.085087,4.972713,-31.338991,-3.197586,-16.075888,115.149312,-55.510095
2015-08-07 13:38:08.828,2015-08-07 13:38:08.832,-0.005973,-0.357575,0.222958,2.593905,1.175457,1.019724,4.756814,-31.213879,-2.429946,-14.733818,114.077157,-53.68681
2015-08-07 13:38:08.840,2015-08-07 13:38:08.843,-0.019912,-0.302564,0.253924,2.593905,1.168126,0.925346,4.020368,-30.88735,-1.467034,-13.416018,113.032807,-51.662957
2015-08-07 13:38:08.847,2015-08-07 13:38:08.850,-0.019912,-0.302564,0.253924,2.279921,1.099099,0.795231,3.431212,-30.626127,-0.696704,-12.599741,112.155654,-50.619737
2015-08-07 13:38:08.858,2015-08-07 13:38:08.862,-0.023894,-0.23655,0.235345,1.800697,0.994335,0.633352,2.935234,-30.26619,0.13556,-11.571113,111.214447,-49.200708
2015-08-07 13:38:08.870,2015-08-07 13:38:08.874,-0.023894,-0.23655,0.235345,1.410965,0.892015,0.497129,2.538452,-29.978239,0.801371,-10.654142,110.317876,-48.0701
2015-08-07 13:38:08.882,2015-08-07 13:38:08.888,-0.009956,-0.272308,0.222958,1.311088,0.822377,0.435432,2.367299,-29.577442,1.732419,-9.780798,109.488445,-47.101674
2015-08-07 13:38:08.889,2015-08-07 13:38:08.893,-0.009956,-0.272308,0.222958,1.58384,0.806189,0.460172,2.230376,-29.256804,2.477258,-9.185449,108.791513,-46.472607
2015-08-07 13:38:08.900,2015-08-07 13:38:08.906,0.00691,-0.308065,0.263214,2.068256,0.837648,0.52248,1.80364,-28.871248,3.25873,-8.41566,108.172349,-45.205112
2015-08-07 13:38:08.912,2015-08-07 13:38:08.915,-0.003982,-0.261305,0.322051,2.465624,0.860556,0.527672,1.462251,-28.562803,3.883907,-7.616126,107.555276,-43.425673
2015-08-07 13:38:08.924,2015-08-07 13:38:08.927,-0.003982,-0.261305,0.322051,2.538316,0.856891,0.475138,1.200644,-27.765776,4.710448,-6.819553,106.955462,-41.572868
2015-08-07 13:38:08.935,2015-08-07 13:38:08.940,-0.003982,-0.165035,0.318954,2.195621,0.783281,0.399696,0.845086,-27.23772,5.691681,-6.169561,106.410761,-39.848632
2015-08-07 13:38:08.942,2015-08-07 13:38:08.946,-0.003982,-0.165035,0.318954,1.681578,0.683405,0.297071,0.56064,-26.815277,6.476668,-5.78832,105.945346,-38.904245
2015-08-07 13:38:08.954,2015-08-07 13:38:08.958,0.013821,-0.173287,0.291084,1.272298,0.614072,0.233541,0.273916,-26.041489,7.184657,-5.317199,105.520187,-37.86787
2015-08-07 13:38:08.966,2015-08-07 13:38:08.970,0.013821,-0.173287,0.291084,1.067964,0.565202,0.223767,0.044537,-25.422459,7.751049,-4.881083,105.143522,-36.996413
2015-08-07 13:38:08.978,2015-08-07 13:38:08.981,0.024186,-0.228298,0.300374,1.177309,0.539546,0.262862,-0.268803,-24.975931,8.351362,-4.476716,104.897151,-36.238422
2015-08-07 13:38:08.985,2015-08-07 13:38:08.988,0.024186,-0.228298,0.300374,1.492515,0.5707,0.34258,-0.519476,-24.618708,8.831613,-4.199744,104.730269,-35.673368
2015-08-07 13:38:08.996,2015-08-07 13:38:09.000,0.027641,-0.184289,0.315857,1.812303,0.623235,0.41344,-0.720014,-24.087013,9.588614,-3.719953,104.584212,-34.384501
2015-08-07 13:38:09.008,2015-08-07 13:38:09.011,0.027641,-0.184289,0.315857,1.898741,0.651334,0.421076,-0.880445,-23.661657,10.194214,-3.242166,104.466767,-33.09673
2015-08-07 13:38:09.019,2015-08-07 13:38:09.022,0.003455,-0.14303,0.34063,1.716397,0.629343,0.390228,-1.066312,-22.946407,11.000294,-2.738018,104.25236,-31.805343
2015-08-07 13:38:09.030,2015-08-07 13:38:09.034,0.003455,-0.14303,0.34063,1.348657,0.584445,0.316618,-1.215006,-22.374208,11.645158,-2.281484,104.042352,-30.756724
2015-08-07 13:38:09.042,2015-08-07 13:38:09.045,-0.009956,-0.159534,0.346824,0.99802,0.52122,0.250645,-1.281368,-21.943232,12.209049,-1.847134,103.785783,-29.988731
2015-08-07 13:38:09.048,2015-08-07 13:38:09.052,-0.009956,-0.159534,0.346824,0.872182,0.473573,0.208495,-1.334458,-21.598452,12.660162,-1.602426,103.551344,-29.559802
2015-08-07 13:38:09.059,2015-08-07 13:38:09.062,0.003455,-0.209044,0.337534,1.019706,0.486401,0.237206,-1.687555,-21.013403,13.121853,-1.247903,103.45678,-28.979079
2015-08-07 13:38:09.070,2015-08-07 13:38:09.073,0.003455,-0.209044,0.337534,1.321473,0.528856,0.284853,-1.970032,-20.545364,13.491205,-0.856268,103.422123,-28.208427
2015-08-07 13:38:09.082,2015-08-07 13:38:09.085,0.00691,-0.178788,0.334437,1.582618,0.565202,0.3212,-2.381731,-19.725361,14.119487,-0.444169,103.457538,-27.193497
2015-08-07 13:38:09.093,2015-08-07 13:38:09.100,0.00691,-0.14028,0.362307,1.716092,0.595746,0.320589,-2.71109,-19.069359,14.622112,-0.029949,103.477824,-25.993364
2015-08-07 13:38:09.105,2015-08-07 13:38:09.110,-0.005973,-0.14028,0.362307,1.687992,0.603687,0.294933,-3.025526,-18.43012,15.016212,0.437427,103.472066,-24.767388
2015-08-07 13:38:09.112,2015-08-07 13:38:09.116,-0.005973,-0.14028,0.362307,1.464416,0.579558,0.244842,-3.277075,-17.91873,15.331493,0.707175,103.491928,-24.089626
2015-08-07 13:38:09.124,2015-08-07 13:38:09.127,-0.011947,-0.107273,0.3685,1.101256,0.536797,0.187726,-3.368198,-17.17848,15.937318,1.094654,103.449219,-23.220439
2015-08-07 13:38:09.137,2015-08-07 13:38:09.141,-0.015929,-0.121026,0.346824,0.781163,0.497702,0.140078,-3.439454,-16.654455,16.292377,1.495651,103.407213,-22.573803
2015-08-07 13:38:09.144,2015-08-07 13:38:09.147,-0.015929,-0.121026,0.346824,0.666625,0.463799,0.152296,-3.496458,-16.235235,16.576426,1.711205,103.417527,-22.240433
2015-08-07 13:38:09.156,2015-08-07 13:38:09.160,-0.01792,-0.129277,0.353017,0.717022,0.45433,0.188031,-3.808311,-15.736726,16.891663,2.061531,103.497501,-21.718642
2015-08-07 13:38:09.167,2015-08-07 13:38:09.171,-0.01792,-0.129277,0.353017,0.843471,0.452192,0.21216,-4.057793,-15.337918,17.143852,2.398248,103.641045,-21.140745
2015-08-07 13:38:09.179,2015-08-07 13:38:09.183,-0.01792,-0.121026,0.35921,0.929298,0.472045,0.234151,-4.060157,-14.97748,17.366405,2.767454,103.792313,-20.448676
2015-08-07 13:38:09.187,2015-08-07 13:38:09.190,-0.01792,-0.121026,0.35921,0.887453,0.472351,0.222851,-4.062048,-14.689129,17.544447,2.982513,103.938151,-20.044674
2015-08-07 13:38:09.198,2015-08-07 13:38:09.201,-0.029867,-0.123776,0.380887,0.69442,0.46105,0.179479,-3.976455,-14.309924,17.84848,3.322126,103.994029,-19.563911
2015-08-07 13:38:09.209,2015-08-07 13:38:09.214,-0.029867,-0.123776,0.380887,0.487337,0.448222,0.152296,-3.907981,-14.00656,18.091707,3.632486,104.041519,-19.233621
2015-08-07 13:38:09.220,2015-08-07 13:38:09.224,-0.029867,-0.101771,0.3685,0.253986,0.42959,0.111673,-4.344612,-13.478994,18.007889,3.935367,104.102082,-18.996889
2015-08-07 13:38:09.232,2015-08-07 13:38:09.236,-0.029867,-0.101771,0.3685,-0.041978,0.344375,0.027984,-4.693916,-13.056942,17.940834,4.163826,104.193163,-18.956857
2015-08-07 13:38:09.243,2015-08-07 13:38:09.246,-0.041814,-0.099021,0.418046,-0.320533,0.196545,-0.044098,-5.09498,-12.802084,18.317591,4.304306,104.249355,-19.049702
2015-08-07 13:38:09.250,2015-08-07 13:38:09.253,-0.041814,-0.099021,0.418046,-0.353825,0.039858,-0.065478,-5.415832,-12.598197,18.618996,4.344165,104.390528,-19.075445
2015-08-07 13:38:09.261,2015-08-07 13:38:09.264,-0.035841,-0.184289,0.445916,-0.041673,-0.065821,-0.003781,-5.440777,-12.586047,18.770519,4.286546,104.920278,-19.16771
2015-08-07 13:38:09.273,2015-08-07 13:38:09.276,-0.035841,-0.184289,0.445916,0.307742,-0.108582,0.087544,-5.460733,-12.576327,18.891739,4.221914,105.514313,-19.025057
2015-08-07 13:38:09.285,2015-08-07 13:38:09.290,-0.025885,-0.14028,0.383983,0.417087,-0.134238,0.082351,-5.384662,-12.417592,18.942314,4.134999,106.041412,-18.746593
2015-08-07 13:38:09.293,2015-08-07 13:38:09.297,-0.025885,-0.14028,0.383983,0.388376,-0.155313,0.04967,-5.323804,-12.290604,18.982775,4.06019,106.522763,-18.59312
2015-08-07 13:38:09.306,2015-08-07 13:38:09.309,-0.023894,-0.110023,0.371597,0.29919,-0.156535,0.034704,-5.653127,-11.952835,19.072742,3.960063,106.959485,-18.337839
2015-08-07 13:38:09.317,2015-08-07 13:38:09.324,-0.023894,-0.052261,0.346824,0.113182,-0.146761,-0.004086,-5.410382,-12.045409,19.077517,3.877802,107.123048,-18.066624
2015-08-07 13:38:09.325,2015-08-07 13:38:09.337,-0.023894,-0.052261,0.346824,-0.213631,-0.172723,-0.088385,-5.216187,-12.119469,19.081337,3.805626,107.218595,-17.968638
2015-08-07 13:38:09.338,2015-08-07 13:38:09.341,-0.03385,-0.112774,0.346824,-0.415522,-0.199601,-0.122899,-5.422403,-12.032627,18.964394,3.673951,107.460384,-18.271589
2015-08-07 13:38:09.349,2015-08-07 13:38:09.352,-0.03385,-0.112774,0.346824,-0.37154,-0.240834,-0.092661,-5.587377,-11.963154,18.870838,3.544394,107.757921,-18.506932
2015-08-07 13:38:09.356,2015-08-07 13:38:09.359,-0.05177,-0.151282,0.38708,-0.213326,-0.293063,-0.060286,-5.257528,-12.019577,18.917593,3.497128,108.019708,-18.651015
2015-08-07 13:38:09.368,2015-08-07 13:38:09.371,-0.05177,-0.151282,0.38708,-0.043811,-0.344376,-0.020885,-4.993649,-12.064715,18.954998,3.330791,108.268566,-18.737769
2015-08-07 13:38:09.380,2015-08-07 13:38:09.383,-0.057744,-0.123776,0.393273,-0.002883,-0.421956,-0.005613,-4.720092,-12.039955,19.154522,3.160501,108.306624,-18.707606
2015-08-07 13:38:09.392,2015-08-07 13:38:09.397,-0.057744,-0.123776,0.393273,-0.12811,-0.522443,-0.047457,-4.501246,-12.020147,19.31414,2.913608,108.300067,-18.760609
2015-08-07 13:38:09.398,2015-08-07 13:38:09.402,-0.043806,-0.110023,0.374693,-0.34008,-0.610713,-0.102741,-4.368901,-12.018909,19.337835,2.752264,108.316377,-18.838601
2015-08-07 13:38:09.410,2015-08-07 13:38:09.414,-0.043806,-0.110023,0.374693,-0.547775,-0.686766,-0.170547,-4.263025,-12.01792,19.356791,2.354477,108.317894,-19.151096
2015-08-07 13:38:09.422,2015-08-07 13:38:09.425,-0.039823,-0.134778,0.37779,-0.706294,-0.754267,-0.22583,-4.209551,-12.087738,19.485556,1.892487,108.420654,-19.636816
2015-08-07 13:38:09.434,2015-08-07 13:38:09.439,-0.039823,-0.134778,0.37779,-0.767075,-0.81352,-0.251486,-4.166772,-12.143593,19.588568,1.403133,108.510211,-20.148061
2015-08-07 13:38:09.442,2015-08-07 13:38:09.446,-0.039823,-0.156783,0.390177,-0.761577,-0.856281,-0.300356,-4.140766,-12.263756,19.608578,1.089871,108.665687,-20.516917
2015-08-07 13:38:09.453,2015-08-07 13:38:09.457,-0.039823,-0.156783,0.390177,-0.714541,-0.904539,-0.340673,-4.119962,-12.359886,19.624584,0.558209,108.797469,-21.005953
2015-08-07 13:38:09.464,2015-08-07 13:38:09.468,-0.031859,-0.159534,0.374693,-0.669642,-0.93997,-0.353195,-3.984985,-12.651055,19.53339,0.00745,109.003802,-21.472238
2015-08-07 13:38:09.476,2015-08-07 13:38:09.482,-0.029867,-0.137529,0.374693,-0.666282,-0.967764,-0.380684,-3.526935,-13.022776,19.324434,-0.598254,108.988618,-21.887877
2015-08-07 13:38:09.484,2015-08-07 13:38:09.488,-0.029867,-0.137529,0.374693,-0.787234,-1.008692,-0.429554,-3.160495,-13.320151,19.15727,-0.997619,108.87745,-22.204021
2015-08-07 13:38:09.496,2015-08-07 13:38:09.501,-0.031859,-0.121026,0.365403,-1.038299,-1.059394,-0.519962,-2.772019,-13.782056,18.83474,-1.697195,108.59246,-22.822032
2015-08-07 13:38:09.507,2015-08-07 13:38:09.511,-0.031859,-0.121026,0.365403,-1.35656,-1.146442,-0.622282,-2.461239,-14.15158,18.576715,-2.38652,108.234968,-23.552873
2015-08-07 13:38:09.519,2015-08-07 13:38:09.524,-0.025885,-0.156783,0.356114,-1.642751,-1.236545,-0.711162,-1.755717,-15.019383,18.283895,-3.232631,107.813395,-24.651379
2015-08-07 13:38:09.526,2015-08-07 13:38:09.530,-0.025885,-0.156783,0.356114,-1.893816,-1.294271,-0.782023,-1.1913,-15.713627,18.049639,-3.667946,107.339899,-25.32003
2015-08-07 13:38:09.538,2015-08-07 13:38:09.542,-0.007965,-0.156783,0.334437,-2.12564,-1.340697,-0.835474,-0.792359,-16.395632,17.679834,-4.623686,106.928305,-26.711845
2015-08-07 13:38:09.549,2015-08-07 13:38:09.553,-0.007965,-0.156783,0.334437,-2.368459,-1.365743,-0.909083,-0.473206,-16.941236,17.383991,-5.520507,106.472138,-28.108366
2015-08-07 13:38:09.561,2015-08-07 13:38:09.566,0,-0.170536,0.300374,-2.621968,-1.391094,-0.98819,0.160125,-17.879293,16.721716,-6.51939,105.990131,-29.81715
2015-08-07 13:38:09.568,2015-08-07 13:38:09.571,0,-0.170536,0.300374,-2.806449,-1.393537,-1.05172,0.66679,-18.62974,16.191896,-7.105559,105.489765,-30.926335
2015-08-07 13:38:09.580,2015-08-07 13:38:09.584,-0.001991,-0.222797,0.284891,-2.813169,-1.378265,-1.078598,1.321936,-19.682976,15.31044,-8.076252,104.788496,-32.853285
2015-08-07 13:38:09.591,2015-08-07 13:38:09.595,-0.001991,-0.222797,0.284891,-2.584399,-1.344362,-1.04836,1.846052,-20.525564,14.605275,-8.987395,104.101201,-34.555293
2015-08-07 13:38:09.603,2015-08-07 13:38:09.608,0.00691,-0.255804,0.263214,-2.185199,-1.280832,-0.987579,2.184813,-21.18746,13.983543,-9.891764,103.429712,-36.178733
2015-08-07 13:38:09.610,2015-08-07 13:38:09.614,0.00691,-0.255804,0.263214,-1.778973,-1.21883,-0.953371,2.455822,-21.716976,13.486157,-10.288297,102.792312,-36.981339
2015-08-07 13:38:09.622,2015-08-07 13:38:09.631,0.017276,-0.250303,0.226055,-1.478733,-1.148275,-0.933212,2.994758,-22.381638,12.889849,-11.088183,102.16834,-38.142754
2015-08-07 13:38:09.634,2015-08-07 13:38:09.639,0.017276,-0.250303,0.226055,-1.295474,-1.063059,-0.888924,3.425907,-22.913366,12.412802,-11.838295,101.526589,-39.176213
2015-08-07 13:38:09.646,2015-08-07 13:38:09.650,0.041462,-0.228298,0.198185,-1.219726,-0.951576,-0.856854,4.017353,-23.355793,11.949564,-12.597014,101.169752,-40.175186
2015-08-07 13:38:09.653,2015-08-07 13:38:09.657,0.041462,-0.228298,0.198185,-1.21209,-0.841315,-0.834863,4.49051,-23.709736,11.578974,-12.923523,100.750672,-40.787185
2015-08-07 13:38:09.665,2015-08-07 13:38:09.671,0.041462,-0.220046,0.204378,-1.245077,-0.749074,-0.817758,4.827948,-24.389767,10.972102,-13.539571,100.278577,-41.704298
2015-08-07 13:38:09.677,2015-08-07 13:38:09.682,0.058738,-0.231049,0.204378,-1.252408,-0.65103,-0.796684,5.401948,-24.843702,10.553804,-14.169661,99.896496,-42.666126
2015-08-07 13:38:09.685,2015-08-07 13:38:09.688,0.058738,-0.231049,0.204378,-1.189183,-0.526108,-0.711162,5.861148,-25.20685,10.219167,-14.446023,99.509443,-43.24493
2015-08-07 13:38:09.696,2015-08-07 13:38:09.699,0.058738,-0.231049,0.204378,-1.094804,-0.380417,-0.588684,6.228508,-25.497368,9.951456,-14.790232,99.054019,-44.001755
2015-08-07 13:38:09.709,2015-08-07 13:38:09.714,0.079469,-0.209044,0.170315,-1.006229,-0.227395,-0.447574,6.507605,-25.824741,9.599688,-15.161046,98.897963,-44.826832
2015-08-07 13:38:09.720,2015-08-07 13:38:09.724,0.10711,-0.181538,0.139349,-0.954,-0.078955,-0.289055,6.637202,-26.247339,8.867073,-15.55294,99.188806,-45.54321
2015-08-07 13:38:09.727,2015-08-07 13:38:09.731,0.10711,-0.181538,0.139349,-0.941172,0.07987,-0.134506,6.74088,-26.585417,8.280981,-15.776919,99.468489,-46.003978
2015-08-07 13:38:09.739,2015-08-07 13:38:09.743,0.124386,-0.159534,0.126962,-0.993095,0.235946,0.009659,7.032548,-27.060404,7.871308,-15.992169,99.836923,-46.654
2015-08-07 13:38:09.751,2015-08-07 13:38:09.755,0.124386,-0.159534,0.126962,-1.092666,0.370947,0.107397,7.265882,-27.440393,7.543569,-16.085217,100.138565,-47.384601
2015-08-07 13:38:09.763,2015-08-07 13:38:09.766,0.141662,-0.167785,0.130059,-1.166276,0.501062,0.259197,7.340791,-27.720037,7.234978,-16.110379,100.504929,-48.09838
2015-08-07 13:38:09.769,2015-08-07 13:38:09.773,0.141662,-0.167785,0.130059,-1.174522,0.652556,0.421382,7.400718,-27.943752,6.988105,-16.186874,100.897487,-48.517153
2015-08-07 13:38:09.780,2015-08-07 13:38:09.784,0.152027,-0.18979,0.123866,-1.092972,0.849255,0.628465,7.353336,-28.339424,6.779407,-15.92689,101.334462,-49.206383
2015-08-07 13:38:09.793,2015-08-07 13:38:09.796,0.152027,-0.18979,0.123866,-0.888943,1.048702,0.838603,7.31543,-28.655962,6.612449,-15.399423,101.720095,-49.809264
2015-08-07 13:38:09.804,2015-08-07 13:38:09.808,0.148572,-0.18979,0.126962,-0.660174,1.212414,1.070121,6.989273,-29.22085,6.162082,-14.746898,102.071829,-50.217743
2015-08-07 13:38:09.816,2015-08-07 13:38:09.819,0.148572,-0.18979,0.126962,-0.452174,1.364214,1.291254,6.728347,-29.67276,5.801788,-13.899232,102.414725,-50.496302
2015-08-07 13:38:09.823,2015-08-07 13:38:09.828,0.152027,-0.176037,0.145542,-0.334583,1.49219,1.484593,5.901645,-29.717762,5.676754,-13.433813,102.734624,-50.532888
2015-08-07 13:38:09.836,2015-08-07 13:38:09.839,0.152027,-0.176037,0.145542,-0.327558,1.574352,1.633033,5.240283,-29.753763,5.576726,-12.241557,103.029435,-50.646652
2015-08-07 13:38:09.847,2015-08-07 13:38:09.850,0.141662,-0.145781,0.176508,-0.461643,1.61192,1.713667,4.247723,-30.24518,5.437504,-11.087411,103.165178,-50.673744
2015-08-07 13:38:09.854,2015-08-07 13:38:09.857,0.141662,-0.145781,0.176508,-0.667504,1.64002,1.739323,3.453675,-30.638313,5.326126,-10.58228,103.370234,-50.655343
2015-08-07 13:38:09.866,2015-08-07 13:38:09.870,0.131296,-0.200792,0.188895,-0.827245,1.669036,1.734437,2.672163,-31.055084,5.019424,-9.257712,103.499926,-51.074427
2015-08-07 13:38:09.879,2015-08-07 13:38:09.883,0.117476,-0.264056,0.204378,-0.866341,1.697136,1.739629,1.706747,-31.398239,4.694062,-7.697495,103.568569,-51.677536
2015-08-07 13:38:09.890,2015-08-07 13:38:09.894,0.117476,-0.264056,0.204378,-0.733478,1.729511,1.811711,0.934414,-31.672764,4.433773,-6.340506,103.689436,-52.105468
2015-08-07 13:38:09.897,2015-08-07 13:38:09.900,0.117476,-0.264056,0.204378,-0.489437,1.768301,1.895399,0.316547,-31.892384,4.225541,-5.64061,103.900708,-52.244595
2015-08-07 13:38:09.909,2015-08-07 13:38:09.913,0.120931,-0.291562,0.222958,-0.220045,1.812284,1.907617,-0.725036,-31.921989,4.212556,-4.087942,104.040877,-52.346471
2015-08-07 13:38:09.921,2015-08-07 13:38:09.926,0.069103,-0.28331,0.250828,-0.02915,1.803121,1.871881,-2.048071,-32.116112,4.059768,-2.526283,103.989036,-52.269047
2015-08-07 13:38:09.932,2015-08-07 13:38:09.939,0.069103,-0.28331,0.250828,0.055149,1.72493,1.813238,-3.106498,-32.271408,3.937537,-1.070066,104.01275,-52.138215
2015-08-07 13:38:09.944,2015-08-07 13:38:09.947,0.055283,-0.244802,0.291084,0.022774,1.620167,1.76498,-4.375623,-32.390778,3.644552,0.342332,104.003687,-51.874173
2015-08-07 13:38:09.950,2015-08-07 13:38:09.954,0.055283,-0.244802,0.291084,-0.085655,1.54167,1.695647,-5.390923,-32.486271,3.410165,1.025505,104.10172,-51.659244
2015-08-07 13:38:09.962,2015-08-07 13:38:09.966,0.024186,-0.272308,0.291084,-0.188891,1.453706,1.598214,-6.32807,-32.596756,3.206655,2.378977,104.124998,-51.610644
2015-08-07 13:38:09.973,2015-08-07 13:38:09.977,0.024186,-0.272308,0.291084,-0.232263,1.377042,1.530102,-7.077787,-32.685143,3.043847,3.548813,104.199816,-51.579536
2015-08-07 13:38:09.985,2015-08-07 13:38:09.988,-0.007965,-0.316317,0.294181,-0.143076,1.317788,1.50414,-8.351402,-32.466106,3.0144,4.793697,104.286443,-51.581565
2015-08-07 13:38:09.997,2015-08-07 13:38:10.001,-0.007965,-0.316317,0.294181,0.129675,1.25548,1.502919,-9.370295,-32.290878,2.990843,6.081842,104.455579,-51.396016
2015-08-07 13:38:10.004,2015-08-07 13:38:10.008,-0.035841,-0.343823,0.297277,0.472676,1.191034,1.502919,-10.609435,-31.897474,3.243997,6.826234,104.668244,-51.156153
2015-08-07 13:38:10.016,2015-08-07 13:38:10.019,-0.035841,-0.343823,0.297277,0.81476,1.126588,1.503529,-11.600747,-31.58275,3.446521,7.992108,104.980779,-50.577223
2015-08-07 13:38:10.027,2015-08-07 13:38:10.031,-0.047788,-0.291562,0.294181,1.095758,1.055116,1.489174,-12.554861,-31.340712,3.562139,9.168697,105.29964,-49.721561
2015-08-07 13:38:10.035,2015-08-07 13:38:10.040,-0.047788,-0.291562,0.294181,1.291541,0.996168,1.443054,-13.318152,-31.147081,3.654634,9.86596,105.63643,-49.054203
2015-08-07 13:38:10.047,2015-08-07 13:38:10.051,-0.049779,-0.264056,0.306567,1.458918,0.940885,1.411594,-14.065197,-30.724346,4.04543,10.994205,106.059765,-47.834007
2015-08-07 13:38:10.059,2015-08-07 13:38:10.064,-0.055753,-0.261305,0.312761,1.643094,0.934165,1.393268,-15.308734,-30.062325,4.394867,12.03606,106.536314,-46.549505
2015-08-07 13:38:10.070,2015-08-07 13:38:10.074,-0.055753,-0.261305,0.312761,1.819939,0.950964,1.381051,-16.303564,-29.532707,4.674417,13.020522,107.06773,-45.201748
2015-08-07 13:38:10.078,2015-08-07 13:38:10.081,-0.055753,-0.261305,0.312761,1.945777,0.970206,1.388381,-17.099428,-29.109015,4.898056,13.625089,107.582569,-44.235232
2015-08-07 13:38:10.089,2015-08-07 13:38:10.093,-0.073673,-0.228298,0.312761,1.990981,0.965319,1.362725,-18.209452,-28.112658,5.350568,14.655014,108.165929,-42.711943
2015-08-07 13:38:10.100,2015-08-07 13:38:10.105,-0.10354,-0.195291,0.312761,1.91554,0.951269,1.286978,-19.207584,-27.169481,5.829377,15.673331,108.678207,-41.255695
2015-08-07 13:38:10.113,2015-08-07 13:38:10.117,-0.10354,-0.195291,0.312761,1.660503,0.896291,1.188934,-20.006092,-26.414942,6.212425,16.731279,109.268963,-39.82056
2015-08-07 13:38:10.120,2015-08-07 13:38:10.124,-0.113496,-0.165035,0.294181,1.239617,0.81413,1.046297,-20.858555,-25.431477,6.974863,17.330087,109.732364,-39.068197
2015-08-07 13:38:10.133,2015-08-07 13:38:10.138,-0.113496,-0.165035,0.294181,0.853245,0.728914,0.897246,-21.540525,-24.644703,7.584813,18.155729,110.292242,-38.240324
2015-08-07 13:38:10.144,2015-08-07 13:38:10.148,-0.123452,-0.222797,0.309664,0.610426,0.572838,0.744529,-22.19293,-23.947109,7.941573,18.750145,110.948507,-37.740251
2015-08-07 13:38:10.156,2015-08-07 13:38:10.161,-0.123452,-0.222797,0.309664,0.509328,0.486401,0.521258,-22.714853,-23.389034,8.226981,19.225386,111.562172,-37.315919
2015-08-07 13:38:10.163,2015-08-07 13:38:10.167,-0.123452,-0.302564,0.346824,0.498027,0.479987,0.418633,-23.350979,-22.6577,8.549707,19.365755,112.276139,-37.164975
2015-08-07 13:38:10.175,2015-08-07 13:38:10.180,-0.123452,-0.302564,0.346824,0.547507,0.513279,0.44826,-23.85988,-22.072632,8.807889,19.7196,113.039781,-36.825368
2015-08-07 13:38:10.187,2015-08-07 13:38:10.191,-0.129426,-0.220046,0.318954,0.531319,0.492509,0.434821,-24.802786,-21.351357,9.065634,20.140355,113.708252,-36.405147
2015-08-07 13:38:10.194,2015-08-07 13:38:10.199,-0.129426,-0.220046,0.318954,0.342561,0.428063,0.325476,-25.557112,-20.774336,9.27183,20.330546,114.377842,-36.220954
2015-08-07 13:38:10.206,2015-08-07 13:38:10.209,-0.127434,-0.211795,0.291084,0.122955,0.363006,0.181923,-25.978142,-20.405243,9.313586,20.576266,115.01529,-36.146731
2015-08-07 13:38:10.218,2015-08-07 13:38:10.222,-0.127434,-0.211795,0.291084,-0.014795,0.306196,0.093042,-26.314966,-20.109968,9.346992,20.763551,115.63222,-36.17398
2015-08-07 13:38:10.230,2015-08-07 13:38:10.234,-0.127434,-0.203543,0.297277,-0.07863,0.268933,0.040202,-27.246761,-19.603483,9.440916,20.90557,116.250981,-36.212437
2015-08-07 13:38:10.237,2015-08-07 13:38:10.240,-0.127434,-0.203543,0.297277,-0.0713,0.274736,0.006604,-27.992197,-19.198296,9.516056,20.976013,116.915804,-36.217874
2015-08-07 13:38:10.248,2015-08-07 13:38:10.252,-0.127434,-0.206294,0.263214,0.072559,0.273514,0.064331,-28.210537,-19.022669,9.547368,21.130481,117.602812,-36.232272
2015-08-07 13:38:10.260,2015-08-07 13:38:10.264,-0.133408,-0.151282,0.247731,0.275061,0.271987,0.139162,-28.439445,-18.784775,9.935617,21.430625,118.188159,-35.982126
2015-08-07 13:38:10.272,2015-08-07 13:38:10.275,-0.133408,-0.151282,0.247731,0.314462,0.22098,0.157182,-28.622572,-18.59446,10.246217,21.687912,118.814501,-35.713075
2015-08-07 13:38:10.278,2015-08-07 13:38:10.282,-0.133408,-0.151282,0.247731,0.177322,0.146454,0.107397,-28.769073,-18.442207,10.494697,21.836521,119.445378,-35.579681
2015-08-07 13:38:10.290,2015-08-07 13:38:10.294,-0.143364,-0.162284,0.269408,0.050873,0.092698,0.085406,-28.794239,-18.488407,10.21028,21.991626,120.066871,-35.469971
2015-08-07 13:38:10.302,2015-08-07 13:38:10.306,-0.129426,-0.167785,0.244635,-0.031593,0.074372,0.07044,-28.783144,-18.337887,9.974748,22.098449,120.74041,-35.477396
2015-08-07 13:38:10.314,2015-08-07 13:38:10.318,-0.129426,-0.167785,0.244635,-0.124126,0.04413,0.038365,-28.774267,-18.21747,9.786321,22.170106,121.395507,-35.544
2015-08-07 13:38:10.321,2015-08-07 13:38:10.324,-0.121461,-0.195291,0.250828,-0.187351,0.018779,0.000491,-28.821404,-18.150356,9.86438,22.138614,122.120654,-35.656811
2015-08-07 13:38:10.333,2015-08-07 13:38:10.336,-0.121461,-0.195291,0.250828,-0.14824,0.026717,-0.005922,-28.859112,-18.096664,9.926826,22.114764,122.825502,-35.796851
2015-08-07 13:38:10.345,2015-08-07 13:38:10.348,-0.113496,-0.211795,0.241538,-0.040422,0.054817,0.010266,-28.925436,-18.04397,9.797585,22.064462,123.58047,-35.918073
2015-08-07 13:38:10.356,2015-08-07 13:38:10.360,-0.113496,-0.211795,0.241538,0.046316,0.078633,0.016984,-28.978495,-18.001816,9.694191,22.030024,124.31432,-35.981935
2015-08-07 13:38:10.364,2015-08-07 13:38:10.367,-0.109514,-0.203543,0.244635,0.085402,0.089619,0.005682,-28.969994,-17.965658,9.673876,21.979438,125.018321,-36.009252
2015-08-07 13:38:10.375,2015-08-07 13:38:10.379,-0.109514,-0.203543,0.244635,0.091806,0.094801,-0.004397,-28.963192,-17.936731,9.657623,21.949431,125.686641,-36.017681
2015-08-07 13:38:10.388,2015-08-07 13:38:10.391,-0.107523,-0.18979,0.244635,0.067365,0.095402,-0.019666,-29.044857,-17.862459,9.591822,21.930506,126.30353,-36.008914
2015-08-07 13:38:10.399,2015-08-07 13:38:10.403,-0.107523,-0.18979,0.244635,0.019104,0.0902,-0.034629,-29.110189,-17.803041,9.539181,21.900231,126.908398,-36.035805
2015-08-07 13:38:10.406,2015-08-07 13:38:10.410,-0.109514,-0.181538,0.250828,-0.036481,0.077669,-0.037374,-28.960302,-17.794464,9.738667,21.869315,127.497461,-36.04481
2015-08-07 13:38:10.418,2015-08-07 13:38:10.421,-0.109514,-0.181538,0.250828,-0.076179,0.066666,-0.040729,-28.840393,-17.787601,9.898257,21.843324,128.05628,-36.097714
2015-08-07 13:38:10.430,2015-08-07 13:38:10.438,-0.109514,-0.181538,0.247731,-0.122592,0.05597,-0.05233,-28.75104,-17.67985,9.835528,21.809653,128.60376,-36.193384
2015-08-07 13:38:10.442,2015-08-07 13:38:10.445,-0.107523,-0.184289,0.250828,-0.178486,0.035506,-0.052025,-29.123306,-17.369644,9.810946,21.754549,129.176158,-36.317427
2015-08-07 13:38:10.449,2015-08-07 13:38:10.452,-0.107523,-0.184289,0.250828,-0.200782,0.017181,-0.043167,-29.42112,-17.121479,9.791279,21.697561,129.777528,-36.390944
2015-08-07 13:38:10.460,2015-08-07 13:38:10.463,-0.107523,-0.184289,0.250828,-0.212083,0.009545,-0.039502,-29.65937,-16.922947,9.775546,21.637197,130.372547,-36.516674
2015-08-07 13:38:10.471,2015-08-07 13:38:10.475,-0.105532,-0.192541,0.244635,-0.187038,0.009545,-0.028812,-29.856544,-17.07091,9.75976,21.566467,130.9868,-36.658032
2015-08-07 13:38:10.483,2015-08-07 13:38:10.486,-0.10354,-0.195291,0.238441,-0.162909,0.01657,-0.019343,-29.925533,-17.279367,9.44313,21.496292,131.592173,-36.803433
2015-08-07 13:38:10.495,2015-08-07 13:38:10.501,-0.10354,-0.195291,0.238441,-0.139681,0.020844,-0.008652,-29.980724,-17.446135,9.189827,21.435331,132.176168,-36.938302
2015-08-07 13:38:10.502,2015-08-07 13:38:10.638,-0.111505,-0.192541,0.238441,-0.116456,0.020841,-0.008041,-30.042957,-17.465111,9.001584,21.402855,132.732104,-37.017378
2015-08-07 13:38:10.514,2015-08-07 13:38:10.638,-0.111505,-0.192541,0.238441,-0.100868,0.026336,-0.00468,-30.092743,-17.480291,8.85099,21.379237,133.26714,-37.11993
2015-08-07 13:38:10.527,2015-08-07 13:38:10.638,-0.113496,-0.181538,0.241538,-0.11063,0.016866,0.007231,-29.526115,-17.750528,8.896915,21.37763,133.750376,-37.194174
2015-08-07 13:38:10.534,2015-08-07 13:38:10.639,-0.113496,-0.181538,0.241538,-0.146351,0.010146,0.006924,-29.072813,-17.966717,8.933655,21.368303,134.210786,-37.24619
2015-08-07 13:38:10.546,2015-08-07 13:38:10.639,-0.115487,-0.184289,0.247731,-0.195831,-0.002683,-0.002238,-29.076674,-18.25654,8.806247,21.351392,134.644626,-37.368347
2015-08-07 13:38:10.558,2015-08-07 13:38:10.639,-0.115487,-0.184289,0.247731,-0.202856,-0.010929,-0.00682,-29.079763,-18.4884,8.70432,21.329057,135.059136,-37.484399
2015-08-07 13:38:10.565,2015-08-07 13:38:10.640,-0.109514,-0.18979,0.244635,-0.200412,-0.013984,-0.0001,-29.001703,-18.686062,8.582779,21.287215,135.482348,-37.561778
2015-08-07 13:38:10.577,2015-08-07 13:38:10.640,-0.109514,-0.18979,0.244635,-0.182086,-0.010624,0.007535,-28.939255,-18.844191,8.485546,21.248471,135.89261,-37.677157
2015-08-07 13:38:10.589,2015-08-07 13:38:10.640,-0.105532,-0.192541,0.229151,-0.163132,0.00312,0.013643,-28.838346,-18.819735,8.51656,21.212196,136.322557,-37.827415
2015-08-07 13:38:10.600,2015-08-07 13:38:10.641,-0.105532,-0.192541,0.229151,-0.132881,0.014114,0.026468,-28.75762,-18.800169,8.54137,21.186243,136.7451,-37.942022
2015-08-07 13:38:10.611,2015-08-07 13:38:10.646,-0.105532,-0.192541,0.232248,-0.072397,0.032742,0.035322,-28.86232,-18.808867,8.676419,21.172967,137.157589,-38.012735
2015-08-07 13:38:10.618,2015-08-07 13:38:10.646,-0.105532,-0.192541,0.232248,-0.045514,0.047703,0.030432,-28.946081,-18.815825,8.784458,21.15285,137.558179,-38.057643
2015-08-07 13:38:10.630,2015-08-07 13:38:10.647,-0.111505,-0.187039,0.244635,-0.057115,0.044339,0.014548,-29.00816,-18.758085,8.84209,21.159554,137.909074,-38.082765
2015-08-07 13:38:10.642,2015-08-07 13:38:10.647,-0.111505,-0.184289,0.250828,-0.061079,0.034867,-0.002556,-29.057821,-18.711893,8.888195,21.152748,138.239532,-38.088608
2015-08-07 13:38:10.654,2015-08-07 13:38:10.658,-0.111505,-0.184289,0.250828,-0.086726,0.019288,-0.009886,-29.355583,-18.523979,8.957079,21.135221,138.580823,-38.109508
