2015-08-11 13:41:38.718,null,null,null,null,null,null,null,null,null,null,null,null,null,null,null,null,null,null,null,null,null,null,null,null
2015-08-11 13:41:38.739,null,null,null,null,null,null,null,null,null,null,null,null,null,null,null,null,null,null,null,null,null,null,null,null
2015-08-11 13:41:38.760,null,null,null,null,null,null,null,null,null,null,null,null,null,null,null,null,null,null,null,null,null,null,null,null
2015-08-11 13:41:38.780,null,null,null,null,null,null,null,null,null,null,null,null,null,null,null,null,null,null,null,null,null,null,null,null
2015-08-11 13:41:38.801,null,null,null,null,null,null,null,null,null,null,null,null,null,null,null,null,null,null,null,null,null,null,null,null
2015-08-11 13:41:38.820,-0.17655,-0.156783,0.071223,-0.0291413333333333,0.0149756666666667,0.0137226666666667,-41.3765936666667,-7.995746,-13.853314,44.643073,148.909257333333,-66.0921543333333,-0.140592,0.024889,0.033958,-0.034094,0.0037355,-0.0214175,-41.66391,3.0170815,8.09967,72.2499015,156.113836,35.545457
2015-08-11 13:41:38.841,-0.17655,-0.158616666666667,0.074319,-0.043083,0.00662566666666667,0.0173853333333333,-41.359735,-7.66572266666667,-14.0156476666667,44.713214,148.9985,-66.06992,-0.140592,0.026397,0.033958,-0.03073,0.00821466666666667,-0.0202953333333333,-41.9291763333333,3.16108766666667,8.098883,72.2958313333333,155.78514,35.6136206666667
2015-08-11 13:41:38.861,-0.176716,-0.16503475,0.07664175,-0.0164545,0.0134195,0.0174075,-40.90854675,-7.32949325,-13.9067345,44.7153385,149.14579675,-66.03588925,-0.1413395,0.024889,0.03657,-0.02980875,0.0044205,-0.01858625,-41.9741315,3.257183,8.10000225,72.3458165,155.68890625,35.511845
2015-08-11 13:41:38.883,-0.177214,-0.176725,0.07819025,0.12243325,0.012959,0.00053,-40.578727,-7.33769375,-14.322118,44.63240375,149.3056335,-65.9375485,-0.142087,0.024889,0.03657,-0.022549,0.00877175,-0.00873325,-42.01604475,3.0860955,8.0728195,72.3855815,155.733576,35.354018
2015-08-11 13:41:38.902,-0.183187,-0.2393005,0.086706,0.7946855,0.030521,-0.07315575,-40.920227,-7.5865905,-14.203052,44.1120025,149.4839255,-65.5850765,-0.142835,0.02602,0.03657,-0.0172,0.00457075,-0.011404,-42.05005825,2.98106025,7.91860975,72.421826,155.710476,35.2674905
2015-08-11 13:41:38.923,-0.199116,-0.2860605,0.100641,1.80704175,-0.0363685,-0.19800125,-40.785865,-7.739528,-14.17873725,43.126622,149.706043,-64.33356925,-0.143583,0.0254545,0.037876,-0.013608,-0.00344675,-0.00468275,-41.7529505,3.39577125,7.78770975,72.4151785,156.05969,35.15341025
2015-08-11 13:41:38.942,-0.208408666666667,-0.255804,0.108382333333333,2.47621933333333,-0.109138333333333,-0.379988666666667,-39.8650093333333,-8.368234,-13.990039,42.2668486666667,149.812823,-62.439832,-0.143957,0.031111,0.03918225,-0.0581175,-0.00474375,-0.00231525,-41.68057075,3.33619125,8.01042375,72.355981,156.21912025,35.24598125
2015-08-11 13:41:38.963,-0.22749025,-0.220734,0.11380175,2.90575925,-0.22390425,-0.665008,-40.029687,-9.22003875,-13.023129,41.54643975,149.74611575,-59.7606275,-0.147073,0.0354476666666667,0.0435363333333333,-0.170376666666667,-0.0170366666666667,-0.00297633333333333,-41.875104,3.11405266666667,7.96864933333333,72.165329,156.447190666667,35.3854216666667
2015-08-11 13:41:38.983,-0.249891,-0.23655,0.120769,3.34985825,-0.37425375,-1.18340325,-40.07062825,-10.08660825,-11.632733,40.5680555,149.39214125,-56.54360225,-0.152557,0.0531715,0.050937,-0.4195845,-0.064455,0.02708325,-42.07841675,3.16853175,7.87172825,71.715931,156.90070125,35.76085125
2015-08-11 13:41:39.004,-0.225001,-0.2530535,0.1037375,4.0091345,-0.61615625,-1.51380525,-40.25228725,-11.2639135,-10.387608,38.8205335,149.02215325,-53.263177,-0.15816575,0.0690095,0.06465125,-0.7551785,-0.15409975,0.12291275,-41.78076825,3.04232325,7.97486425,70.7556045,157.890331,36.215635
2015-08-11 13:41:39.024,-0.194470333333333,-0.223714,0.113543333333333,4.50205233333333,-0.650771666666667,-1.64763533333333,-39.9182166666667,-12.7353426666667,-8.48865866666667,37.0584,148.729195,-50.0115613333333,-0.16153125,0.07466625,0.07967125,-1.03884875,-0.2267165,0.27853075,-41.81540225,3.0056615,8.28051475,69.36476125,159.2376675,36.4784745
2015-08-11 13:41:39.044,-0.212059,-0.180163,0.1378,4.50233225,-0.72886075,-1.922474,-39.13465,-14.44120625,-6.040408,35.4089035,147.918651,-46.0556515,-0.166766,0.09050425,0.093385,-1.20256075,-0.34026075,0.55639825,-41.603939,3.1090225,8.524673,67.592037,160.989929,36.53643125
2015-08-11 13:41:39.065,-0.156306,-0.1416545,0.173412,3.68010725,-0.8752395,-2.128412,-38.3701705,-16.32330425,-3.748937,33.381852,146.88324175,-42.0623145,-0.16639175,0.066747,0.09011975,-0.872617,-0.399133,1.011111,-42.004445,3.36879525,9.081164,65.5481745,163.3081565,36.90432575
2015-08-11 13:41:39.085,-0.116483,-0.1932285,0.1989595,3.19515675,-0.88096625,-2.1520065,-36.97892175,-17.84006675,-1.31126625,30.398679,145.87032475,-38.74977025,-0.161531,0.162908,0.067916,-1.03281666666667,-0.495955,1.18749833333333,-42.1005006666667,3.629295,9.29760866666667,63.2927403333333,165.651098,39.002412
2015-08-11 13:41:39.104,-0.0791485,-0.23379925,0.21134575,3.4333175,-0.736955,-2.11436225,-35.58238775,-19.289037,1.28523275,27.07404725,145.191271,-36.3584605,-0.1641485,0.0854135,0.08489525,-1.1242935,-0.49862775,1.39870475,-41.0786115,3.91785675,9.50342375,61.084634,167.4910055,40.38879025
2015-08-11 13:41:39.124,-0.061726,-0.196208,0.239473666666667,3.63350333333333,-0.598237666666667,-1.97393933333333,-34.6025823333333,-19.979435,3.46871933333333,24.2562073333333,144.550166333333,-33.7180393333333,-0.17125275,0.112565,0.10579275,-0.4782275,-0.724266,1.95986075,-40.57520875,4.57614025,9.92070675,58.5191235,170.217156,41.170741
2015-08-11 13:41:39.144,-0.054757,-0.1423425,0.261666,3.4415645,-0.56331625,-1.83252425,-33.310999,-20.731874,5.87705025,21.69445425,143.68706175,-30.19219125,-0.1548005,0.14141325,0.114935,-0.11796925,-0.82666225,2.15755225,-40.74178525,5.915292,10.642292,54.740021,172.4082395,43.6277345
2015-08-11 13:41:39.164,-0.04131675,-0.139592,0.24386025,2.836197,-0.46359275,-1.67759375,-31.825055,-20.94832175,7.68241225,19.29239675,142.85784275,-26.9683225,-0.15106125,0.14084775,0.1051395,0.2754275,-0.973499,2.446186,-40.57258875,7.249975,11.8967025,51.1645135,173.99794175,45.86600425
2015-08-11 13:41:39.184,-0.0292036666666667,-0.200792333333333,0.185798,2.57029233333333,-0.202193333333333,-1.51090366666667,-31.0683003333333,-21.290686,9.26005766666667,17.2743846666667,142.615387666667,-25.536637,-0.133612333333333,0.165924333333333,0.114935,0.423282666666667,-1.074037,2.59238633333333,-39.9842426666667,8.53891,12.7281413333333,47.3178303333333,175.168816333333,48.1219533333333
2015-08-11 13:41:39.205,-0.0338495,-0.198042,0.1625735,2.57703725,0.1118425,-1.334898,-30.36399425,-21.2940775,11.18548075,15.57078275,142.9445895,-24.88755875,-0.123018,0.1668675,0.112976,0.46464325,-1.0752845,2.68472875,-39.20486275,10.01588475,13.51766375,43.577798,175.9702275,49.987081
2015-08-11 13:41:39.224,-0.04529875,-0.150594,0.16025125,2.58956,0.395971,-1.13155625,-29.16552775,-21.05612975,12.83810225,14.52528875,143.25264825,-23.80797125,-0.11516575,0.16177625,0.11820025,0.46540675,-1.07711675,2.79346275,-38.23977575,11.69726175,14.00475025,39.34223775,176.749484,51.739518
2015-08-11 13:41:39.243,-0.06023275,-0.11277375,0.175734,2.33246225,0.61832625,-0.97479275,-28.6481775,-20.4622535,13.831393,14.5067795,142.98503125,-22.1995205,-0.10656575,0.1685645,0.12081275,0.50709825,-1.01190725,2.92174475,-37.401245,13.434876,14.89664325,35.08757575,177.60220225,53.23692
2015-08-11 13:41:39.263,-0.0776556666666667,-0.142113333333333,0.194056,2.084349,0.793924333333333,-0.853205333333333,-28.3165666666667,-20.0008566666667,14.815166,14.9501716666667,142.756349666667,-21.0477773333333,-0.0962206666666667,0.165924666666667,0.107098666666667,0.387852,-0.990552333333333,2.84467366666667,-36.172423,14.550646,15.360109,31.5246263333333,178.065896,54.4582866666667
2015-08-11 13:41:39.285,-0.100554,-0.1732865,0.1950885,2.04680625,0.95895975,-0.72304,-27.455888,-19.0003425,15.285857,15.633037,143.1712085,-20.5600695,-0.0815135,0.16517,0.09338475,0.17226775,-0.941734,2.7454335,-34.99107475,15.48872575,15.7342765,28.09054725,178.23143,55.4748425
2015-08-11 13:41:39.303,-0.12046525,-0.15128175,0.17108925,1.964416,1.1306895,-0.59903425,-27.26581375,-18.674642,15.77841,16.9012655,143.89304325,-20.3292545,-0.07328725,0.166867,0.077059,0.00458525,-0.86430675,2.6136395,-34.6270675,16.6313445,16.00104525,24.41026575,178.0923845,56.57745375
2015-08-11 13:41:39.325,-0.139381666666667,-0.0944366666666667,0.166186666666667,1.725975,1.17917666666667,-0.430181,-27.6417266666667,-18.2785846666667,16.679711,18.884872,143.445187666667,-19.6914213333333,-0.069922,0.17026125,0.080977,-0.19318225,-0.84468275,2.39571325,-33.46008775,17.77649475,16.701983,21.09187275,177.622737,57.440126
2015-08-11 13:41:39.349,-0.1604876,-0.069865,0.1975654,1.2645478,1.1631718,-0.2549036,-28.0545856,-17.6356768,17.0980388,21.486594,141.5339914,-18.1740478,-0.06655675,0.152726,0.09011975,-0.2659515,-0.7727535,2.2021455,-32.69019325,18.599148,16.36598675,18.3022385,177.3771715,57.67604675
2015-08-11 13:41:39.368,-0.179868666666667,-0.103605,0.201281666666667,1.06359333333333,1.091721,-0.0480846666666667,-27.307216,-17.0010323333333,17.1826553333333,23.975946,140.421986666667,-17.432446,-0.0598265,0.1504635,0.0875075,-0.267326,-0.70326725,2.03377575,-32.54898925,19.63921025,16.24771925,15.9371015,177.4203315,57.657957
2015-08-11 13:41:39.388,-0.19214725,-0.12171325,0.18889475,0.91502575,0.99515375,0.04405425,-27.94657575,-16.52752775,17.27952575,26.077737,140.21372275,-17.459486,-0.0545915,0.15612,0.078365,-0.32627475,-0.65439825,1.7902695,-31.85420275,20.4401115,16.1755505,13.79156275,177.1689565,57.81896
2015-08-11 13:41:39.409,-0.2055875,-0.10520975,0.20902275,0.61226575,0.8241115,0.11483775,-28.4928025,-15.88862,17.40139775,28.264419,140.04850425,-17.5834055,-0.050852,0.154611333333333,0.0818476666666667,-0.247345666666667,-0.561521333333333,1.64218566666667,-31.7096193333333,21.388197,16.1474753333333,12.2256033333333,176.963175333333,57.973967
2015-08-11 13:41:39.428,-0.209072,-0.091686,0.223990333333333,0.246968333333333,0.619013333333333,0.179055333333333,-29.0633373333333,-15.1633226666667,17.1875646666667,29.8766283333333,139.719260333333,-17.560274,-0.04973075,0.162908,0.092732,-0.25159625,-0.49374075,1.45910425,-31.25491725,22.33011675,15.73064425,10.799896,177.01648975,58.03415375
2015-08-11 13:41:39.448,-0.20757875,-0.08939425,0.23069975,-0.10962425,0.397193,0.210362,-28.906819,-15.146845,17.13438625,31.125495,139.6095445,-17.7474865,-0.052348,0.15612,0.101874,-0.32482375,-0.4435735,1.247821,-30.66425075,23.1536055,15.42554125,9.5901195,177.4093585,57.743512
2015-08-11 13:41:39.468,-0.20658325,-0.0955825,0.22528075,-0.43987325,0.17086725,0.17661175,-29.56971025,-15.44464875,17.1190935,32.17549975,139.61491,-18.34829625,-0.0463655,0.15612,0.097956,-0.26144625,-0.35767025,1.101137,-30.9291105,23.94954,15.264266,8.6081285,177.92404775,57.40450075
2015-08-11 13:41:39.488,-0.2040945,-0.09351975,0.22605475,-0.72782,0.01181325,0.11674675,-29.37614825,-15.6368495,17.15946775,32.90402875,139.739011,-19.35570675,-0.041878,0.1663015,0.08750725,-0.21013375,-0.24473675,0.94261775,-31.02400575,24.85283,15.01081475,7.79597125,178.22140325,57.45062675
2015-08-11 13:41:39.508,-0.20757875,-0.089394,0.23921525,-1.12167525,-0.19320825,0.04878825,-29.34661775,-15.8679875,16.50588275,33.33018425,139.599105,-20.5044875,-0.041878,0.1668675,0.08816025,-0.2194495,-0.1674625,0.773179,-30.5864695,25.446877,15.18668175,7.19831725,178.31097425,57.67651475
2015-08-11 13:41:39.527,-0.21803225,-0.086643,0.252376,-1.65534225,-0.45435325,-0.03581675,-29.115323,-16.40694225,15.98001375,33.36248425,139.435621,-21.981617,-0.041878,0.164416,0.104486666666667,-0.202549333333333,-0.137173333333333,0.638432333333333,-30.7496736666667,26.0834526666667,14.998513,6.89057066666667,178.725113666667,57.5803596666667
2015-08-11 13:41:39.549,-0.225665333333333,-0.091686,0.231216,-2.11321166666667,-0.736293333333333,-0.139205666666667,-28.935361,-17.1528543333333,15.766243,33.255476,138.863055,-23.6851703333333,-0.04487,0.164039,0.122772,-0.15996675,-0.116455,0.53677425,-30.976541,26.8778585,15.06611125,6.69203725,179.562265,57.17923425
2015-08-11 13:41:39.568,-0.221019,-0.11758725,0.22837725,-2.39532925,-0.99153275,-0.23320275,-29.29972175,-18.1985605,15.20535225,32.848929,138.4697365,-26.068082,-0.0411305,0.17252425,0.12277175,-0.07543825,-0.06865475,0.4665245,-30.68006425,27.30413775,15.479541,6.50974425,-179.4629405,56.75936125
2015-08-11 13:41:39.589,-0.221019,-0.138904,0.270956,-2.60119075,-1.2558085,-0.3664475,-29.381777,-19.616244,14.287026,31.86702125,138.508228,-28.9200105,-0.0407565,0.19119075,0.10122125,-0.0548975,0.02832,0.41719725,-30.1296235,27.73195825,15.924629,6.3725385,-179.06835675,56.87071475
2015-08-11 13:41:39.609,-0.228320333333333,-0.152199,0.308632,-2.841872,-1.50751033333333,-0.514480333333333,-28.5049776666667,-20.8532486666667,13.831059,30.5469976666667,138.582270666667,-31.3541143333333,-0.047861,0.186665,0.1057925,-0.0384805,0.034123,0.246002,-29.7532415,27.8846285,15.920322,6.4211685,-179.240816,57.2573755
2015-08-11 13:41:39.630,-0.230975,-0.141655,0.31198625,-3.55192625,-1.7768765,-0.67775975,-28.020608,-22.23039625,13.01147475,28.8511795,138.46061475,-34.148277,-0.0358958,0.1506898,0.1368772,0.2198152,0.0475308,0.2053378,-29.7198696,28.2715746,15.683306,6.4513644,-177.948361,56.7539128
2015-08-11 13:41:39.649,-0.22251225,-0.153345,0.24618275,-4.4969345,-2.06253225,-0.89736575,-27.4617,-24.2469035,11.45986925,26.9709705,137.82341625,-38.13831975,-0.039635,0.178746,0.158036,0.143076,-0.01474775,0.08875875,-30.0082785,28.7453405,15.8918635,6.4869195,-176.6683685,56.32737225
2015-08-11 13:41:39.669,-0.198121,-0.2351745,0.23999,-4.60375975,-2.292752,-1.07993825,-26.12184025,-26.4542975,10.0732535,24.79904675,137.64691725,-43.1178915,-0.0284175,0.200241,0.13322025,0.08037675,-0.05093825,0.06874575,-29.9194635,29.04007075,16.1015645,6.42198175,-176.01644775,56.134188
2015-08-11 13:41:39.689,-0.177877333333333,-0.279642333333333,0.258053,-4.01575166666667,-2.43694166666667,-1.21402333333333,-25.287397,-28.3448236666667,8.051509,22.290402,138.214046,-47.4737396666667,-0.020441,0.216456,0.127996,-0.149435,-0.0354593333333333,0.006562,-30.1651336666667,28.880818,15.46364,6.30554,-176.105927666667,56.243573
2015-08-11 13:41:39.710,-0.158795,-0.28949875,0.27327825,-3.51703075,-2.54710125,-1.3334475,-24.21370025,-30.1138205,6.5577925,19.6333915,138.805775,-50.73129925,-0.0201915,0.1991095,0.130608,-0.05843775,-0.0013015,0.02361325,-30.029335,29.01693,15.35682425,6.1814085,-175.99550625,56.212322
2015-08-11 13:41:39.732,-0.1353995,-0.30669,0.2601175,-3.331328,-2.66278375,-1.48356725,-22.55050875,-32.03662275,5.526502,16.3264515,139.43610925,-54.11023575,-0.01794775,0.208726,0.139751,0.0708295,0.0336655,0.02566875,-30.16371,29.0965285,15.600785,6.0199665,-175.7455075,56.27459625
2015-08-11 13:41:39.753,-0.1035405,-0.3094405,0.2399895,-3.3218595,-2.75846075,-1.59688275,-22.12719525,-33.04996675,4.24606225,13.091066,140.194554,-57.23757,-0.020042,0.2208308,0.1431466,0.0272926,0.0191822,0.0181966,-29.9263372,29.029507,15.8272926,5.874947,-175.5380448,56.3644512
2015-08-11 13:41:39.773,-0.0706865,-0.331445,0.2097975,-3.12577125,-2.8076355,-1.73516725,-20.3383535,-34.517539,2.456881,9.48408475,141.382204,-60.65933675,-0.0199423333333333,0.229277666666667,0.138445,-0.136416333333333,-0.000449666666666667,0.00939733333333333,-29.637186,28.908435,15.821854,5.739752,-175.581232,56.4426603333333
2015-08-11 13:41:39.793,-0.023894,-0.38645675,0.207475,-2.382043,-2.79343275,-1.86283825,-19.53514375,-35.439992,1.49070075,5.9022335,142.80319775,-63.4245015,-0.017948,0.23248325,0.14693425,-0.234613,-0.01147075,0.0409335,-29.578413,28.82503175,15.81280725,5.58606625,-175.643953,56.358487
2015-08-11 13:41:39.813,0.02232675,-0.40364775,0.212894,-1.40588025,-2.68019325,-1.93408025,-18.82536525,-36.41426575,0.719594,2.00785475,144.586895,-65.28097225,-0.01533075,0.22512975,0.15085275,-0.09968075,-0.01085875,0.0618505,-29.922336,29.02802175,15.9147875,5.35499025,-175.51645725,56.19176575
2015-08-11 13:41:39.834,0.065648,-0.399751,0.207475,-0.735099333333333,-2.56725966666667,-2.029732,-17.6189943333333,-36.9281503333333,0.293544333333333,-1.61366033333333,146.065367,-66.087706,-0.014209,0.219473,0.152812,0.02837475,-0.033303,0.09069675,-30.17618675,29.050271,15.9466625,5.088013,-175.32415675,56.128202
2015-08-11 13:41:39.854,0.11229275,-0.385081,0.18425,-0.13375325,-2.43768025,-2.160788,-15.8047055,-37.66073525,0.024637,-5.3947825,147.44710125,-66.35310725,-0.011965,0.219473,0.149764333333333,0.0942843333333333,-0.035969,0.092843,-30.138386,29.071295,15.963032,4.82686766666667,-175.152232666667,56.1492823333333
2015-08-11 13:41:39.874,0.17535,-0.385081,0.1532835,0.880512,-2.26121625,-2.25623575,-13.24942925,-38.69432925,0.6372765,-9.93004825,149.076723,-66.0571245,-0.01159125,0.219473,0.146281,0.12623125,-0.03802375,0.0851655,-30.34236225,29.29763925,15.84182175,4.577987,-175.05735225,56.275712
2015-08-11 13:41:39.894,0.21940325,-0.3617015,0.1525095,2.02313525,-2.0222155,-2.29388,-11.5551385,-38.78817075,1.517212,-14.66311725,150.5518595,-64.53685925,-0.01159125,0.22117025,0.14040375,0.13216475,-0.0282435,0.08637325,-30.53823575,29.61004325,16.12313825,4.3091685,-175.0069865,56.4848515
2015-08-11 13:41:39.914,0.241861666666667,-0.308982,0.157929,2.71354033333333,-1.82760366666667,-2.28792433333333,-9.81477933333333,-38.6145363333333,3.383317,-19.0852836666667,151.468647333333,-62.0008483333333,-0.011965,0.221736,0.143669,0.159992,-0.0189506666666667,0.107257666666667,-30.1504073333333,29.3426253333333,15.8749733333333,4.095508,-174.997369666667,56.7040903333333
2015-08-11 13:41:39.935,0.253091,-0.288811,0.1563805,3.1610245,-1.65164925,-2.2463855,-8.16264725,-38.62149625,5.64303975,-23.13828175,152.030056,-59.03693475,-0.011965,0.2276188,0.1426242,0.181681,-0.038696,0.112956,-29.6849316,29.3594436,15.5543288,3.8498962,-174.946012,56.9858438
2015-08-11 13:41:39.954,0.268351333333333,-0.266806666666667,0.147606333333333,3.53128533333333,-1.468008,-2.10568266666667,-7.291888,-38.025416,7.80248966666667,-26.9644563333333,152.478654666667,-55.7479096666667,-0.01047,0.229278,0.142798333333333,0.151774,-0.0663766666666667,0.119325333333333,-29.661719,29.9421106666667,15.7220443333333,3.59025066666667,-174.937514333333,57.2637673333333
2015-08-11 13:41:39.974,0.283324,-0.2200465,0.1563805,3.543655,-1.22465425,-1.96767825,-5.26951125,-36.75058275,10.708557,-30.71620175,152.6149215,-51.91922,-0.01084375,0.2302205,0.139751,0.1223525,-0.07539875,0.11110825,-29.609624,30.04425225,15.9079705,3.36029775,-174.994501,57.487638
2015-08-11 13:41:39.994,0.2885065,-0.19047775,0.1656705,3.0816885,-0.94442,-1.8042715,-2.6662575,-35.330349,13.63987425,-34.50047325,152.2789105,-47.64185525,-0.011965,0.228524,0.138445,0.13339775,-0.08370475,0.113681,-29.38467125,29.791585,15.50261625,3.13415,-175.0513895,57.7232505
2015-08-11 13:41:40.014,0.31010125,-0.15472025,0.14709025,2.5766555,-0.59584475,-1.50647475,-1.45496775,-33.63613975,15.8939245,-37.85335825,151.709375,-43.79481275,-0.0114666666666667,0.227769666666667,0.135833,0.167374333333333,-0.0724406666666667,0.113456333333333,-29.0163726666667,29.9121536666667,15.428453,2.94973266666667,-175.098096666667,57.9840073333333
2015-08-11 13:41:40.034,0.3187395,-0.136841,0.133155,2.341625,-0.165796,-1.2124195,0.64667,-32.06450975,17.89683025,-40.792013,151.111573,-40.24694175,-0.0112175,0.226261,0.13517975,0.17258525,-0.07497225,0.1000485,-28.98528225,29.8806585,15.89989,2.782697,-175.18437325,58.23053525
2015-08-11 13:41:40.054,0.301751333333333,-0.147614666666667,0.142445666666667,2.45188633333333,0.211464,-0.900751,1.64184866666667,-30.704533,19.6839176666667,-42.5700636666667,150.648469,-37.0484566666667,-0.01047,0.22569525,0.13322,0.1375055,-0.08770725,0.0884995,-29.16536325,29.94859175,15.564488,2.605788,-175.30650375,58.4967025
2015-08-11 13:41:40.074,0.28246,-0.12790225,0.1703155,2.3924795,0.6083995,-0.63667925,2.5014835,-29.07993975,21.45670025,-43.413875,150.1217045,-33.96064725,-0.008226,0.2223015,0.131261,0.1487,-0.10043825,0.066645,-29.1962605,30.072428,15.47098025,2.43463725,-175.4093325,58.7233435
2015-08-11 13:41:40.094,0.256834,-0.118275,0.214700333333333,2.091272,0.952851333333333,-0.397703333333333,2.515307,-27.683528,22.9357966666667,-43.3338733333333,149.017575,-30.607594,-0.007852,0.2239985,0.13322025,0.1690535,-0.1169085,0.046551,-29.197909,30.1779035,15.860146,2.25930375,-175.5480535,58.95150125
2015-08-11 13:41:40.114,0.23581525,-0.132028,0.21366825,1.88347625,1.2780605,-0.107135,2.1071725,-26.46038825,23.73486875,-42.4030575,148.17570875,-27.8345085,-0.008226,0.2273925,0.131914,0.152297,-0.11932625,0.04135025,-29.3093335,30.27822275,16.0026065,2.101629,-175.746139,59.1900265
2015-08-11 13:41:40.134,0.2142205,-0.129965,0.1904435,1.60507475,1.71612725,0.19043225,1.5226135,-24.7617335,24.83146525,-40.84924,148.2612875,-25.62901025,-0.00847533333333333,0.227769666666667,0.130608,0.129109666666667,-0.116301666666667,0.0286683333333333,-28.9966646666667,30.418527,15.769014,1.994316,-175.940140666667,59.3958873333333
2015-08-11 13:41:40.154,0.15721025,-0.1031465,0.20050775,1.29864925,2.01224425,0.425692,0.8060595,-23.47166225,26.36073975,-38.4632325,148.31181025,-23.81783,-0.00560875,0.22795825,0.129302,0.1218585,-0.1192835,0.017211,-29.19303925,30.403923,15.61014925,1.87679625,-176.10144925,59.57742975
2015-08-11 13:41:40.173,0.101352,-0.118275,0.217797,1.393053,2.10066733333333,0.575201333333333,-0.126428666666667,-22.3439066666667,27.4267896666667,-35.5372876666667,148.208520666667,-22.4731583333333,-0.005983,0.229655,0.131914,0.08075675,-0.11101225,0.01300825,-28.88500275,30.29601775,15.51163725,1.746175,-176.2595885,59.7351695
2015-08-11 13:41:40.195,0.05960175,-0.1505945,0.3026965,1.3660735,2.2063465,0.71043125,-1.41249825,-21.1741575,27.92153925,-31.724119,148.02434825,-21.272169,-0.005983,0.230786,0.131914,0.0073695,-0.119235,0.0058285,-29.06455825,30.3887235,15.73511825,1.63277925,-176.43343425,59.8194115
2015-08-11 13:41:40.214,0.0014345,-0.1423425,0.397918,0.65579,2.19924525,0.79282225,-2.6762495,-20.43483525,28.4134355,-26.8691235,145.27393325,-19.568512,-0.004487,0.228524,0.13322,-0.0086645,-0.120202,-0.010282,-28.871611,30.83751675,16.0197495,1.52589525,-176.5779675,59.81463875
2015-08-11 13:41:40.234,-0.03733425,-0.1519695,0.407208,0.039656,1.93390075,0.839095,-4.7647165,-20.00548475,28.56433325,-21.95642825,141.801899,-18.48027925,-0.004487,0.230032,0.13322,-0.00787433333333333,-0.125550333333333,-0.0206126666666667,-28.4341773333333,30.800206,16.0313386666667,1.43954133333333,-176.703031666667,59.8032193333333
2015-08-11 13:41:40.254,-0.0365046666666667,-0.159533666666667,0.348888,-0.132684333333333,1.839522,0.961777,-5.803272,-19.6687453333333,28.6147706666667,-18.0257723333333,139.780176666667,-18.5233236666667,-0.003365,0.23135175,0.131261,-0.025153,-0.10740675,-0.032112,-28.088912,30.76957275,16.03150475,1.3654455,-176.85172475,59.813729
2015-08-11 13:41:40.274,-0.0413165,-0.12171325,0.31740575,-0.50913,1.77232675,0.8459675,-7.39852625,-19.68327575,28.292296,-14.28760275,138.23784125,-18.8621945,-0.002991,0.233049,0.131914,-0.04942625,-0.09616125,-0.02882225,-28.24812375,30.61586325,15.9163055,1.28087625,-177.0304745,59.82051275
2015-08-11 13:41:40.294,-0.0662065,-0.12927725,0.36308075,-1.35594225,1.465596,0.7562465,-9.0007325,-19.787171,27.55428975,-10.421289,136.25687475,-19.849176,-0.004487,0.2319175,0.13322,-0.075909,-0.0920175,-0.02530425,-28.39422275,30.519936,15.663403,1.219488,-177.12615175,59.7765125
2015-08-11 13:41:40.314,-0.073673,-0.196208,0.398434333333333,-1.50041166666667,1.14232133333333,0.669478,-10.1379826666667,-20.7697276666667,26.990919,-7.60864433333333,135.091648,-21.3644403333333,-0.00498566666666667,0.230786,0.135833,-0.0810353333333333,-0.0840353333333333,-0.0124473333333333,-28.3054216666667,30.513716,16.18207,1.17639166666667,-177.179733333333,59.688363
2015-08-11 13:41:40.333,-0.06272175,-0.252366,0.4041115,-0.8846595,0.942543,0.68027,-11.412091,-21.90863825,26.12241725,-5.31417925,135.84930375,-23.283435,-0.005235,0.2285235,0.1332205,-0.065572,-0.06877525,-0.0092635,-28.2389495,30.37258775,16.4342065,1.1482475,-177.27221175,59.6094855
2015-08-11 13:41:40.354,-0.05027675,-0.23723775,0.407982,-0.36656975,0.757527,0.7605225,-12.4387285,-22.7456585,25.18178875,-3.2739435,137.0383235,-24.5984215,-0.003739,0.226261,0.131914,-0.032194,-0.04661975,-0.007506,-28.26379875,30.68408725,16.2392925,1.10766275,-177.33531275,59.56645875
2015-08-11 13:41:40.375,-0.04928125,-0.15472,0.4048855,-0.76989325,0.53005625,0.77930675,-12.20986125,-23.07574125,24.4820945,-1.51725725,137.0750765,-25.21933125,-0.004487,0.224752333333333,0.130608,-0.00872333333333333,-0.0140606666666667,-0.00378866666666667,-28.1944843333333,30.6955013333333,16.3884446666667,1.082692,-177.353288333333,59.5684633333333
2015-08-11 13:41:40.396,-0.04380575,-0.122401,0.38243475,-1.52629725,0.31350425,0.601316,-13.1381335,-23.79548925,23.65672425,-0.2221705,136.35758925,-26.06717575,-0.0032902,0.2289762,0.1326976,-0.0076642,0.0031248,0.0057198,-28.270657,30.6064392,16.5463344,1.0587822,-177.384709,59.5896344
2015-08-11 13:41:40.416,-0.0384956666666667,-0.231965666666667,0.351984666666667,-1.43504933333333,0.183466333333333,0.477972,-13.4177913333333,-24.4786056666667,22.949566,0.565292333333333,136.532043333333,-27.6345543333333,-0.002991,0.23135175,0.13387325,-0.041652,0.011263,0.0123455,-28.100596,30.50033375,16.106761,1.0162775,-177.38494775,59.5821325
2015-08-11 13:41:40.436,-0.02887175,-0.26474325,0.335211,-0.7605775,0.20377775,0.483266,-14.0158995,-25.0475975,22.4504005,1.16431225,137.99151375,-29.3973485,-0.002991,0.230786,0.134962,-0.0775286666666667,0.0203463333333333,0.00598033333333333,-27.554955,30.5896513333333,16.2313086666667,0.990959,-177.347373666667,59.5385563333333
2015-08-11 13:41:40.456,-0.0248895,-0.25992975,0.34837175,-0.1813245,0.29556,0.37201225,-14.906279,-25.3385525,21.61454125,1.77676175,139.38444575,-30.466851,-0.004487,0.226261,0.135833,-0.0970595,0.02125875,0.002798,-27.73772625,30.44795325,16.170261,0.991469,-177.2592415,59.414914
2015-08-11 13:41:40.476,-0.02837375,-0.21798375,0.35301675,0.172366,0.28815325,0.410573,-14.93862075,-25.604353,21.17701025,2.4256635,139.97665375,-30.6544185,-0.003739,0.228524,0.136486,-0.10948375,0.02881275,-0.0059065,-27.835048,30.45691025,15.73946325,0.9957745,-177.13154425,59.2740755
2015-08-11 13:41:40.496,-0.01792,-0.113690666666667,0.359210333333333,-0.277256,0.267663666666667,0.392450666666667,-15.594117,-25.736675,20.7918986666667,2.89233733333333,139.686803666667,-30.1572966666667,-0.004113,0.228524,0.137792,-0.08754825,0.03537275,-0.0078895,-27.8662625,30.5318735,16.07864225,1.01657825,-176.97973625,59.13830675
2015-08-11 13:41:40.515,-0.02090725,-0.11552425,0.34450125,-1.10480025,0.2054575,0.30382425,-16.41113725,-25.98167925,20.739362,3.196906,139.104551,-30.160349,-0.004861,0.229655,0.137139,-0.050806,0.04063325,0.01135175,-27.87589375,30.4235445,16.5180225,1.029891,-176.90882175,59.05735225
2015-08-11 13:41:40.536,-0.02439175,-0.22279725,0.3367595,-1.2221625,0.106116,0.1825675,-16.560211,-26.7059135,19.362813,3.45801375,139.0012415,-31.41478225,-0.00498566666666667,0.228524,0.136703666666667,-0.014124,0.039557,0.019825,-28.4579193333333,30.32448,16.4591336666667,1.04434033333333,-176.880844666667,59.0330016666667
2015-08-11 13:41:40.556,-0.0209075,-0.350699,0.3282435,-0.0301355,0.10351975,0.1523295,-16.9380745,-27.17369325,19.1801125,3.428585,140.5077555,-32.933193,-0.003739,0.233049,0.13322,-0.05507025,0.03321225,0.0137885,-28.42276675,30.29814,16.271166,1.0291195,-176.90510625,59.0581715
2015-08-11 13:41:40.576,-0.015929,-0.274141,0.330308333333333,0.815785666666667,0.181735666666667,0.235152666666667,-17.5790746666667,-26.8523113333333,19.208749,3.49252733333333,141.850001666667,-33.0103086666667,-0.004113,0.2290895,0.137139,-0.1062115,0.0303805,-0.0137755,-28.27445475,30.25187975,16.7749725,1.038253,-176.94619325,58.9908975
2015-08-11 13:41:40.597,-0.0169245,-0.2083565,0.34295275,0.7148145,0.1790375,0.184782,-17.0660245,-26.58339275,19.3894985,3.65560575,142.105682,-32.26801025,-0.00548433333333333,0.230786,0.135833,-0.129846,0.0219276666666667,-0.024464,-28.17984,30.1390643333333,16.5619526666667,1.072303,-176.995004,58.8886706666667
2015-08-11 13:41:40.618,-0.015929,-0.1581585,0.34063,0.14480075,0.20072325,0.17455025,-16.86093175,-26.4799,19.631908,3.8570405,141.7194415,-31.39175525,-0.006581,0.2271662,0.135833,-0.1045148,0.0224328,-0.0233604,-28.2235662,30.2604602,16.7130952,1.1347716,-177.029004,58.7881334
2015-08-11 13:41:40.638,-0.0149335,-0.1677855,0.3313405,-0.3179295,0.19637075,0.176459,-17.230986,-26.27144525,19.83155025,4.00615475,141.3739225,-31.14863875,-0.00498566666666667,0.226261,0.134091,-0.0910146666666666,0.0334226666666667,-0.022724,-28.4465896666667,30.241742,16.8623166666667,1.183041,-177.077376333333,58.7072976666667
2015-08-11 13:41:40.658,-0.019912,-0.1732865,0.33366275,-0.37160925,0.17102,0.2618275,-17.983472,-26.3085205,19.29808225,4.23129225,141.31052825,-31.32598475,-0.00398833333333333,0.227769666666667,0.134962,-0.0913056666666667,0.0407466666666667,-0.0201753333333333,-28.2806636666667,30.0698376666667,16.8583446666667,1.201106,-177.133852666667,58.6704463333333
2015-08-11 13:41:40.678,-0.019248,-0.186123,0.338566,-0.332335666666667,0.191713,0.224564666666667,-18.2329366666667,-26.418117,19.407835,4.418467,141.285942,-31.4119296666667,-0.0038886,0.2298812,0.1374002,-0.0718438,0.0432422,-0.0187056,-28.1506064,30.1330562,16.8293052,1.2147978,-177.1771316,58.622925
2015-08-11 13:41:40.698,-0.032854,-0.2062935,0.34063,-0.23271375,0.14009475,0.33826175,-18.117138,-26.652597,19.1645755,4.70017175,141.44766125,-31.64753125,-0.005609,0.231352,0.139098,-0.076407,0.04095675,-0.02864125,-28.82506225,30.0063545,16.79519575,1.2519,-177.202718,58.565599
2015-08-11 13:41:40.718,-0.037832,-0.1884145,0.329792,-0.2084315,0.0598425,0.41500225,-18.1561665,-26.63465225,19.22442025,5.09794975,141.54196575,-31.74954525,-0.00648133333333333,0.228524,0.140186333333333,-0.0625483333333333,0.0328813333333333,-0.0278983333333333,-28.8681703333333,29.931888,16.640116,1.298944,-177.186586333333,58.4978333333333
2015-08-11 13:41:40.738,-0.0325226666666667,-0.176037,0.319986333333333,-0.172696,0.041644,0.502712,-18.0271846666667,-26.7191166666667,18.7623953333333,5.39160266666667,141.679565666667,-31.7467943333333,-0.00710425,0.2273925,0.138445,-0.0424065,0.01842,-0.037793,-28.81560125,29.793424,16.86978425,1.357863,-177.20625625,58.4615715
2015-08-11 13:41:40.758,-0.039823,-0.18979,0.3251475,-0.21377675,0.01883825,0.4707435,-17.9976315,-26.76927325,18.7986615,5.70630875,141.741421,-31.756028,-0.00635675,0.226261,0.140404,-0.042856,0.02399,-0.05114575,-28.6394,29.871254,16.830966,1.418779,-177.24359325,58.4080895
2015-08-11 13:41:40.778,-0.040819,-0.199417,0.3266955,-0.2945635,0.03487325,0.4564645,-18.07177575,-26.267856,18.209178,6.0356745,141.959666,-31.9770895,-0.007478,0.22569525,0.139751,-0.0499475,0.03368125,-0.05021875,-28.4250115,29.9530755,16.513353,1.495068,-177.18846025,58.3370025
2015-08-11 13:41:40.797,-0.0504426666666667,-0.216379333333333,0.337533666666667,-0.372347,0.0133403333333333,0.409962333333333,-18.6474896666667,-26.1654433333333,17.9752743333333,6.34044533333333,142.146641,-32.2903853333333,-0.0071045,0.222867,0.14171,-0.049097,0.03626975,-0.0386795,-28.6721035,29.97086575,16.60766125,1.562376,-177.08531775,58.24213475
2015-08-11 13:41:40.818,-0.05177,-0.225548,0.343727,-0.32816125,-0.02712925,0.33894925,-19.03149025,-26.30973175,17.82134975,6.5845345,142.397734,-32.66482875,-0.00797666666666667,0.225506666666667,0.143669,-0.0499786666666667,0.0323436666666667,-0.0390543333333333,-28.5554586666667,30.043104,16.46982,1.62174366666667,-176.961486333333,58.1377163333333
2015-08-11 13:41:40.837,-0.054757,-0.2310485,0.33134,-0.191022,-0.04377525,0.215936,-19.77084675,-26.50221525,17.59341125,6.781235,142.67450325,-33.04388575,-0.008226,0.2302205,0.147587,-0.06663925,0.02427,-0.05210275,-28.668679,30.09376,16.4997145,1.68388625,-176.84515425,58.0286295
2015-08-11 13:41:40.858,-0.0650446666666667,-0.228298333333333,0.33134,-0.15437,-0.0538546666666667,0.112979666666667,-20.4651863333333,-26.580893,17.3477733333333,6.94264,142.875513333333,-33.3088663333333,-0.008226,0.229655,0.148893,-0.068686,0.0179285,-0.0579705,-28.50296875,30.031086,16.535598,1.74723475,-176.7148275,57.87587775
2015-08-11 13:41:40.877,-0.08661575,-0.22967375,0.32901775,-0.3232745,-0.195499,-0.081937,-20.0851225,-26.73416875,17.1371735,7.1228375,142.67681875,-33.6429375,-0.01047,0.229278,0.148893,-0.0506546666666667,0.00881333333333333,-0.063457,-29.1995943333333,30.018231,16.620996,1.82930066666667,-176.621529333333,57.757193
2015-08-11 13:41:40.897,-0.0896025,-0.2571795,0.311212,-0.24218175,-0.39487025,-0.38034475,-19.94252125,-26.75891775,16.8566355,7.0649375,142.4918675,-34.31030875,-0.0098716,0.226261,0.1473258,-0.0374508,0.0030502,-0.0451204,-29.0251482,29.818237,16.5466988,1.9005372,-176.5148244,57.634307
2015-08-11 13:41:40.918,-0.100554,-0.2668065,0.3081155,0.00338575,-0.61287275,-0.729607,-19.98361,-27.23428725,16.98802425,6.6358375,142.2699,-34.91271275,-0.008974,0.218719,0.146281,-0.0316,-0.00941066666666667,-0.05183,-28.9890496666667,29.9327983333333,16.8619213333333,1.95590266666667,-176.429205,57.519252
2015-08-11 13:41:40.938,-0.101549,-0.290644666666667,0.324115,0.343281666666667,-0.842787,-0.985966666666667,-19.7827453333333,-27.2877456666667,17.4350473333333,5.91648866666667,142.073180333333,-35.201662,-0.01046975,0.21947325,0.14954625,-0.046127,-0.0101725,-0.072053,-28.84314725,30.0626245,16.893389,2.012838,-176.30835625,57.37329975
2015-08-11 13:41:40.958,-0.10204725,-0.3149415,0.328244,0.878832,-1.00741525,-1.25487475,-18.6281705,-27.39372575,17.91952425,4.861833,141.9188315,-35.05168375,-0.0129623333333333,0.220227333333333,0.155859333333333,-0.089001,-0.02824,-0.0770533333333333,-29.04806,30.0871576666667,16.835607,2.103344,-176.149408666667,57.1368066666667
2015-08-11 13:41:40.978,-0.109514,-0.3149415,0.3112125,1.44876925,-1.23030475,-1.43233075,-17.42521475,-27.42482025,19.1174545,3.49398675,141.909529,-34.48085225,-0.0149566,0.2163054,0.1515056,-0.0593996,-0.0480034,-0.0594264,-28.8002366,29.6843416,16.5993894,2.2053374,-175.9339878,56.8635802
2015-08-11 13:41:40.998,-0.11399375,-0.2351745,0.3026965,1.62271325,-1.449758,-1.50479475,-15.777711,-26.29792275,20.35204075,2.023744,141.00878075,-33.03220775,-0.0159536666666667,0.208914333333333,0.144539666666667,-0.0361373333333333,-0.069757,-0.0683723333333333,-29.298468,29.7566446666667,16.5940703333333,2.328113,-175.80585,56.6876433333333
2015-08-11 13:41:41.018,-0.111505,-0.175120333333333,0.311728333333333,1.274749,-1.61339366666667,-1.585836,-14.408478,-25.8636483333333,21.62183,0.895772333333333,138.732530333333,-31.2930466666667,-0.0194435,0.2070285,0.139098,-0.09846525,-0.0587035,-0.07872375,-28.99050475,29.527208,16.54002375,2.47389375,-175.75935225,56.54307325
2015-08-11 13:41:41.039,-0.0965715,-0.141655,0.334437,0.51529075,-1.7176225,-1.62055375,-12.5465475,-25.42934775,22.7172055,-0.61229325,135.995241,-29.71970125,-0.02729575,0.211554,0.13322025,-0.23927,-0.0002895,-0.0969735,-28.7212795,29.398493,16.653936,2.77009525,-175.8206975,56.37932525
2015-08-11 13:41:41.058,-0.0736735,-0.137529,0.328244,-0.34832,-1.73701775,-1.64193375,-9.96778325,-25.21015375,23.6675515,-2.360674,132.79278375,-28.916008,-0.0373913333333333,0.196847,0.12016,-0.351032666666667,0.0159746666666667,-0.111430666666667,-29.0408556666667,29.37714,16.54843,3.23931366666667,-175.954775,56.200036
2015-08-11 13:41:41.078,-0.04480125,-0.147844,0.29340675,-0.90268025,-1.71662975,-1.6064275,-7.84971325,-25.68867975,23.8378765,-4.31004025,129.81492725,-29.17920825,-0.0370922,0.1796514,0.125384,-0.4097164,0.0663712,-0.132526,-28.605315,29.0062334,16.8761658,3.876398,-175.8880072,55.7648164
2015-08-11 13:41:41.099,-0.0219026666666667,-0.154949666666667,0.267343,-1.25178966666667,-1.56992033333333,-1.548879,-6.67003166666667,-26.40679,23.7979946666667,-5.90450066666667,127.862434333333,-30.1508786666667,-0.0428753333333333,0.177238,0.136703666666667,-0.420671,0.125828666666667,-0.15918,-28.7266166666667,28.643707,17.2284473333333,4.56619633333333,-175.501223333333,55.053046
2015-08-11 13:41:41.119,0.0110975,-0.1444055,0.2430865,-1.6504555,-1.37576725,-1.43034575,-5.719877,-26.63038625,23.3632615,-7.5318805,126.68169725,-31.6102795,-0.04487,0.17761475,0.13517975,-0.45215625,0.1711345,-0.22876775,-28.596398,28.3457735,17.31319525,5.27685525,-175.144939,54.41259975
2015-08-11 13:41:41.138,0.0691033333333333,-0.153115333333333,0.222958333333333,-1.98920566666667,-1.10841166666667,-1.276942,-4.189179,-27.8225346666667,22.642415,-9.52275633333333,126.637818,-33.566557,-0.043748,0.16686725,0.1227715,-0.4019125,0.23336625,-0.33261475,-28.74573975,27.9424135,17.66497325,6.196026,-174.951153,53.814122
2015-08-11 13:41:41.158,0.120931,-0.176037,0.2074745,-2.182061,-0.71313125,-1.048326,-3.4228845,-28.62223325,21.753877,-11.7783225,127.85374725,-35.87478425,-0.042626,0.164039,0.116241,-0.36281725,0.3119385,-0.47700775,-29.21087825,27.4204015,17.8933005,7.2350085,-175.06315475,53.4425
2015-08-11 13:41:41.179,0.141662,-0.147981,0.2006626,-2.4930066,-0.1839078,-0.6333954,-2.483283,-29.7838362,20.628307,-14.1432758,129.3400056,-38.7580916,-0.040383,0.162153666666667,0.122772,-0.301247,0.409575666666667,-0.61346,-29.7293783333333,26.875726,18.192683,8.20153933333333,-175.191128333333,53.1262996666667
2015-08-11 13:41:41.200,0.153179333333333,-0.120108333333333,0.198185,-2.797991,0.179903,-0.212102,-2.21376033333333,-31.1969636666667,19.2177236666667,-15.7274873333333,130.076945666667,-41.2320386666667,-0.038887,0.15725125,0.127996,-0.15848275,0.532614,-0.7422,-29.57984925,26.30654275,18.201171,9.27448825,-175.1523225,52.78018625
2015-08-11 13:41:41.219,0.165848,-0.128360333333333,0.206442666666667,-3.08703233333333,0.404498,0.164597666666667,-2.13188366666667,-32.7689373333333,17.6772576666667,-16.532802,130.400514666667,-43.1598196666667,-0.038139,0.15894825,0.1221185,0.03103825,0.702969,-0.871169,-29.958261,25.59507625,17.91896825,10.5721795,-175.1361315,52.63378175
2015-08-11 13:41:41.240,0.2017818,-0.1364286,0.1783662,-3.4149246,0.594823,0.8704328,-1.7157974,-34.759511,15.4391544,-17.2384102,131.3834096,-46.4106992,-0.04262625,0.167433,0.112323,0.16817725,0.8391155,-1.0209835,-29.727054,24.689709,17.9884975,12.04692925,-175.495492,52.9575975
2015-08-11 13:41:41.259,0.21767575,-0.1430305,0.136252,-3.6111805,0.825104,1.66712275,-1.677479,-36.2290935,12.358078,-17.731965,133.122026,-50.503591,-0.047861,0.1810085,0.114935,0.158938,0.90821975,-1.200196,-29.98799125,23.9323555,17.64384025,13.75366775,-176.205432,53.515393
2015-08-11 13:41:41.280,0.193489333333333,-0.168702333333333,0.0949636666666667,-3.375157,0.939819666666667,2.28409666666667,-3.02761266666667,-37.4495973333333,9.820443,-17.3868793333333,135.122752666667,-54.313044,-0.047861,0.182517,0.131479,0.134706666666667,0.942046333333333,-1.37225633333333,-30.1824936666667,23.354093,17.3043696666667,15.244802,-176.681999,53.799612
2015-08-11 13:41:41.299,0.14770825,-0.2104195,0.101415,-2.839581,0.88985575,2.89480925,-5.27747475,-38.382162,7.4635605,-15.941389,137.4805815,-57.98479725,-0.047487,0.1770495,0.141057,0.1522185,0.97152075,-1.529147,-30.7729805,22.77195625,17.57918225,16.8354295,-176.98153275,53.80091525
2015-08-11 13:41:41.319,0.116323666666667,-0.231048666666667,0.129026333333333,-2.49439133333333,0.796978666666667,3.30098366666667,-6.992893,-38.973712,5.12599066666667,-13.4989876666667,139.198363,-60.9991466666667,-0.0463655,0.1730895,0.137139,0.24820075,1.03108,-1.68064175,-30.91468925,21.76170375,17.64593025,18.65140575,-177.38796975,53.77487175
2015-08-11 13:41:41.339,0.0691035,-0.288811,0.136252,-2.199929,0.632605,3.54308975,-9.266428,-39.09931825,2.7280225,-10.197045,140.35010825,-63.7141495,-0.0538435,0.190059,0.13322,0.330133,1.0538345,-1.798615,-31.66455675,20.95827575,17.342449,20.55706825,-178.101827,54.00774775
2015-08-11 13:41:41.359,0.0397345,-0.37407925,0.13160725,-1.3353255,0.43896075,3.8553185,-11.67142325,-39.07082675,0.42660225,-5.781328,141.62202575,-66.24340925,-0.0608233333333333,0.203635,0.126254666666667,0.334154666666667,1.06014733333333,-1.92519166666667,-31.8257216666667,20.2569403333333,16.661263,22.238557,-178.970859666667,54.4162106666667
2015-08-11 13:41:41.378,0.0322486666666667,-0.385081666666667,0.129026666666667,-0.622496666666667,0.413966,4.07321933333333,-14.529669,-38.6253563333333,-0.932304,-1.58229233333333,142.938916,-67.6119286666667,-0.065809,0.1979785,0.12015975,0.29035025,1.03077475,-2.03150725,-32.287279,19.6977145,16.51968175,23.9824535,0.0101600000000062,54.849389
2015-08-11 13:41:41.398,0.008638,-0.3658275,0.1424455,-0.4294885,0.46545675,4.115089,-17.98386575,-37.64513875,-2.1501025,2.470913,143.99347075,-68.21754725,-0.0717915,0.183837,0.12538375,0.1831435,0.9516675,-2.12985675,-32.840679,19.06404975,15.99401375,26.09184175,178.910337,55.03321775
2015-08-11 13:41:41.419,-0.0199115,-0.375454,0.170315,-0.22813225,0.49768025,4.044305,-20.59760275,-36.18395325,-3.418278,6.812894,144.6639735,-68.39162175,-0.0777745,0.1844025,0.135833,0.22796575,0.89859875,-2.12527525,-33.3956185,18.16314125,15.70772125,28.06245375,178.03107,54.8644115
2015-08-11 13:41:41.439,-0.0393255,-0.40571075,0.17650825,0.504601,0.5706025,4.03483675,-23.47981825,-34.36655425,-3.85538,11.36237775,145.437588,-67.79911825,-0.077774,0.177992,0.127125333333333,0.453273333333333,0.892159,-2.10600766666667,-34.0544013333333,17.505661,15.4348746666667,29.860171,177.196358,54.878563
2015-08-11 13:41:41.459,-0.064215,-0.36170125,0.1811535,0.81056775,0.7480585,3.8659325,-26.87495725,-32.00244,-4.13475,15.50149925,146.18538775,-66.45482225,-0.078522,0.166867,0.10252775,0.73681675,0.915932,-2.092441,-34.76826475,17.08900975,15.06783375,31.5003125,176.3332795,55.36786325
2015-08-11 13:41:41.479,-0.101549333333333,-0.365827333333333,0.186830333333333,0.543034333333333,0.815101333333333,3.56670966666667,-28.773897,-29.7060623333333,-4.476603,19.2573466666667,146.702901,-65.2323206666667,-0.086,0.17761475,0.08358925,0.86128025,0.86454275,-2.110462,-35.40716175,16.4703635,14.307163,33.44231725,175.0564985,56.5398515
2015-08-11 13:41:41.499,-0.1279325,-0.329382,0.18657225,0.167556,0.706749,3.3756365,-30.62650875,-27.44497975,-4.80574925,22.49856475,147.18292,-64.39142075,-0.0942265,0.1753525,0.0875075,0.85303375,0.7719205,-2.19201225,-36.51045225,15.8803525,13.4082995,35.23694575,173.80010225,57.73634025
2015-08-11 13:41:41.519,-0.129426,-0.266806333333333,0.181669333333333,-0.398207333333333,0.691604333333333,3.23277066666667,-32.513367,-25.331248,-5.10146833333333,25.7473333333333,147.747965333333,-63.7262773333333,-0.1039485,0.1538575,0.1018745,0.849063,0.65654325,-2.15161875,-37.528903,15.109607,12.8408445,37.2540775,172.87263775,58.33226425
2015-08-11 13:41:41.539,-0.142368,-0.221422,0.168767,-1.29264125,0.74897475,3.0546265,-34.45921525,-23.19303,-5.6714365,28.91358925,148.1997405,-63.6609115,-0.110679,0.140281666666667,0.102745333333333,0.929544333333333,0.550583666666667,-2.07963833333333,-38.4924203333333,14.0274523333333,11.8917766666667,38.9545703333333,172.298088,58.496939
2015-08-11 13:41:41.560,-0.1757205,-0.27437025,0.1610255,-2.17022525,0.61046125,2.740642,-36.1698525,-20.71084225,-6.8973305,32.1918555,148.7661715,-64.84456775,-0.110305,0.125009,0.08554875,1.1071535,0.4971075,-2.02723125,-38.99180225,13.42082225,11.029888,40.7857815,171.71031025,58.80388
2015-08-11 13:41:41.581,-0.19911625,-0.36926525,0.16412225,-2.41396075,0.448811,2.37931525,-37.73350625,-18.2417925,-8.313335,34.78294325,149.673996,-67.1067125,-0.108435,0.1063425,0.0574675,1.35325575,0.48359175,-1.975308,-39.131347,12.694262,10.4698135,42.970766,170.81569925,59.7026765
2015-08-11 13:41:41.601,-0.216539,-0.4029605,0.13702625,-2.17373775,0.29013875,2.056473,-38.52790575,-15.45037425,-9.79907375,36.67500375,150.66389175,-69.56310325,-0.1166615,0.1029485,0.048325,1.52017475,0.4645025,-1.913916,-39.49853975,12.116768,10.1123255,45.29688575,169.70041775,61.08598625
2015-08-11 13:41:41.621,-0.20509,-0.36513975,0.09289925,-1.757815,0.17216525,1.658571,-39.4827155,-13.22964725,-10.7368455,38.029187,151.55414525,-71.7341215,-0.13124425,0.10238275,0.048325,1.65792525,0.371498,-1.86191575,-40.35486525,11.19847575,9.4952785,47.62263325,168.530502,62.6285675
2015-08-11 13:41:41.642,-0.182523333333333,-0.328236,0.0701903333333333,-1.14916433333333,0.214925666666667,1.488241,-40.2036296666667,-11.344132,-12.0397646666667,38.961784,152.208143,-73.3323396666667,-0.14246125,0.0916355,0.05812075,1.747264,0.22527225,-1.81839175,-40.94817375,10.225396,9.149155,49.88640725,167.60342,63.64890375
2015-08-11 13:41:41.662,-0.167258,-0.2826225,0.06193275,-0.7868445,0.38894625,1.24417525,-40.3517845,-9.9471805,-12.712789,39.71919775,152.46707875,-74.49745875,-0.152058333333333,0.103326,0.0583386666666667,1.643646,0.078283,-1.79375366666667,-41.455639,9.39196766666667,8.55145766666667,51.7850416666667,166.742698666667,64.196436
2015-08-11 13:41:41.682,-0.1702445,-0.27437075,0.06038425,-0.35839925,0.45400325,1.11131175,-40.39852225,-8.562157,-13.09148125,40.4135915,152.48107725,-75.4797135,-0.1458265,0.089373,0.0548555,1.67021875,0.03262075,-1.78853575,-41.9948215,8.69365575,8.0531975,53.61860725,165.7006695,64.59862975
2015-08-11 13:41:41.702,-0.172567333333333,-0.25122,0.080513,-0.0216086666666667,0.467620333333333,1.050149,-40.524938,-7.098247,-13.5724726666667,41.0971093333333,152.419824333333,-75.6851826666667,-0.153305,0.0871105,0.0378765,1.50979,-0.0400725,-1.67025725,-42.07907675,7.610152,7.68462875,55.656645,164.39628775,65.08901
2015-08-11 13:41:41.721,-0.185676,-0.20491825,0.116124,-0.196138,0.38802975,0.91827875,-40.92204575,-6.30956925,-14.16577225,41.87722925,152.402858,-75.1416825,-0.15480025,0.079757,0.031346,1.1729745,-0.161176,-1.62757275,-41.8121365,6.52325775,7.51014525,57.603395,162.42563125,65.448961
2015-08-11 13:41:41.741,-0.18816475,-0.18703925,0.1223175,-0.891074,0.26837675,0.78007025,-41.64647875,-5.63407125,-14.8617015,42.77357825,152.546695,-74.50592,-0.148568666666667,0.067124,0.0278633333333333,1.02972666666667,-0.0128376666666667,-1.47457633333333,-41.356416,5.72295066666667,7.54005666666667,59.3701396666667,160.765655,65.474963
2015-08-11 13:41:41.761,-0.191151666666667,-0.207210666666667,0.111478666666667,-1.25973066666667,0.237222666666667,0.771085333333333,-41.7104353333333,-4.298083,-15.2933966666667,43.3735023333333,152.770076,-74.644469,-0.162279,0.084848,0.015673,0.67580625,0.029719,-1.355356,-41.66198925,5.02031525,7.51065775,60.8725805,159.255474,66.04437075
2015-08-11 13:41:41.781,-0.2373466,-0.202993,0.149258,-1.2974824,0.512906,0.331344,-41.5195808,-3.4056174,-15.6886052,44.014838,152.6407014,-75.1032,-0.16527,0.081454,0.014367,0.175813,0.010019,-1.19721825,-41.839324,4.29898575,7.2191405,62.337296,157.74596775,66.4895335
2015-08-11 13:41:41.801,-0.236284666666667,-0.229214666666667,0.143477666666667,-0.718708,0.224394333333333,0.164801666666667,-41.4446183333333,-2.64161966666667,-16.310657,44.27317,152.449143666667,-75.136609,-0.16340075,0.0741005,0.013061,-0.29737825,-0.00112925,-0.96417325,-42.08569925,3.55974775,7.25859025,63.63978725,156.38161725,66.4238015
2015-08-11 13:41:41.821,-0.20459175,-0.1863515,0.1331555,-0.065413,0.11001,0.27602975,-41.77775375,-2.16996525,-16.7005215,44.3840035,152.75171,-74.11254525,-0.160533666666667,0.0671243333333333,0.0148023333333333,-0.607596,-0.017623,-0.716492666666667,-42.0113346666667,2.88944366666667,7.277802,64.5613433333333,155.329334666667,66.0223573333333
2015-08-11 13:41:41.841,-0.193143,-0.173974,0.11612425,0.39075075,0.03502625,0.309475,-41.9514475,-1.9733605,-16.9422325,44.6579,153.24296775,-72.222615,-0.152557,0.0543025,0.019591,-0.7446845,-0.00212225,-0.42844425,-42.071187,2.49617425,7.4958175,65.297609,154.42235375,65.243893
2015-08-11 13:41:41.861,-0.189161,-0.165035,0.083609,0.6052405,-0.0544655,0.369034,-41.8952445,-1.924344,-16.7238865,44.9338815,153.552864,-70.926556,-0.149067,0.0414813333333333,0.0200263333333333,-0.745651333333333,0.0461106666666667,-0.151137,-41.9794666666667,2.37239633333333,7.551313,65.9524863333333,153.640264666667,64.439866
2015-08-11 13:41:41.882,-0.1887624,-0.1650348,0.0718422,0.7534368,-0.0567258,0.416254,-41.7133178,-1.9110472,-16.6211288,45.3620122,153.8444434,-69.6722134,-0.154651,0.025794,0.0198524,-0.7170424,0.012065,0.0521996,-42.0458638,1.5748752,7.7935278,66.7852482,152.1963924,63.806052
2015-08-11 13:41:41.901,-0.201107666666667,-0.162284333333333,0.0505786666666667,0.858851333333333,-0.061898,0.420245333333333,-41.4472386666667,-1.59707033333333,-16.703141,46.012535,154.104299,-68.4123836666667,-0.156545333333333,0.007542,0.0356993333333333,-0.616860666666667,-0.042465,0.202757666666667,-41.8382926666667,0.917745,7.405414,67.5001593333333,151.803636333333,61.472652
2015-08-11 13:41:41.921,-0.20011175,-0.147156,0.02786975,0.990315,-0.0333905,0.24617425,-41.27963175,-1.795636,-16.7221965,46.75525575,153.98061125,-67.8635235,-0.153305,0.0011315,0.043101,-0.466359,-0.04648625,0.30077625,-41.97194325,0.76420775,7.441467,67.28281375,154.76562525,57.3097805
2015-08-11 13:41:41.942,-0.18816475,-0.12721425,0.030192,0.97282875,0.010057,0.1226265,-41.65649875,-1.834314,-16.276607,47.55849625,153.66642575,-67.28367925,-0.1495655,9.55000000000001E-05,0.041795,-0.3432695,-0.03938475,0.32757775,-42.21412675,0.814923,7.55340675,67.087805,157.84671675,53.204817
2015-08-11 13:41:41.962,-0.186505333333333,-0.12561,0.0350953333333333,0.847448666666667,0.053963,0.0679793333333333,-42.622148,-1.60656966666667,-15.7360706666667,48.192995,153.408402666667,-66.832809,-0.147571333333333,-0.0144476666666667,0.0461483333333333,-0.250036,-0.007544,0.347125666666667,-42.379508,0.893017666666667,7.314061,66.5530743333333,161.417159333333,48.9691926666667
2015-08-11 13:41:41.981,-0.1923466,-0.1248762,0.043353,0.8082314,0.0449224,0.0401444,-41.9980278,-1.78548,-15.8892782,48.8005384,153.1391934,-66.315375,-0.1504628,0.0018104,0.0323908,-0.2607874,-0.0108424,0.3179264,-42.1582374,1.0241674,7.339608,66.5535096,165.154556,45.4856926
2015-08-11 13:41:42.001,-0.191152,-0.108189333333333,0.0609003333333333,0.764065666666667,0.05661,0.0140193333333333,-41.2644893333333,-2.084247,-15.716385,49.4562146666667,152.891503333333,-65.2859466666667,-0.14807,-0.00288933333333333,0.02438,-0.361315333333333,0.003045,0.262928,-42.1580686666667,1.373377,7.255018,66.5612293333333,167.370120333333,44.3513823333333
2015-08-11 13:41:42.022,-0.19463625,-0.096958,0.065029,0.66617475,0.039684,0.02084125,-41.448538,-2.016147,-15.2631455,50.07692425,152.76849825,-64.15011325,-0.147322,-0.010836,0.020897,-0.46788575,0.00627725,0.2369405,-42.01442325,1.46071325,7.053657,67.11215975,160.14855875,50.56065825
2015-08-11 13:41:42.042,-0.19563175,-0.07701625,0.0596105,0.277281,-0.03522275,0.06657875,-41.82226175,-1.93636575,-15.1722065,51.05687975,152.72522575,-62.8026895,-0.147322,-0.0195045,0.022203,-0.57814725,-0.0079255,0.20288525,-41.88448425,1.47984825,7.032542,67.60972375,155.56980475,55.05229025
2015-08-11 13:41:42.062,-0.190488333333333,-0.092603,0.052643,-0.071904,-0.074308,0.062879,-42.1473656666667,-2.05368066666667,-15.4358523333333,51.863221,152.706601,-62.2772116666667,-0.145577333333333,-0.026006,0.023509,-0.625515,-0.0101906666666667,0.165393,-41.9226276666667,1.52583133333333,7.44751733333333,66.5506833333333,160.215601666667,48.8410696666667
2015-08-11 13:41:42.081,-0.188663,-0.11483675,0.05496575,-0.1745995,-0.0810235,0.0625195,-42.25420475,-1.724548,-15.22069175,52.26561,152.81646,-62.3723175,-0.144331,-0.026006,0.023509,-0.62663475,-0.015103,0.1232435,-42.1525335,1.30121675,7.2849285,65.6367895,165.20777575,41.97885075
2015-08-11 13:41:42.101,-0.18567575,-0.122401,0.0510945,-0.1791045,-0.06246825,0.07840175,-42.33356,-1.73231175,-15.3337285,52.492864,152.9943455,-62.7206505,-0.144331,-0.0281735,0.023509,-0.5720385,-0.0047185,0.05727,-42.5298425,1.00073675,7.01736075,65.01787875,170.24587,34.6971485
2015-08-11 13:41:42.121,-0.185178,-0.126526666666667,0.053675,-0.212905666666667,-0.0396883333333333,0.0872086666666667,-42.249152,-1.553504,-15.446104,52.6524356666667,153.091905666667,-63.1573726666667,-0.146574,-0.0332303333333333,0.0226383333333333,-0.513624666666667,-0.0143653333333333,0.005448,-42.77521,1.01741333333333,6.93990666666667,64.6774316666667,173.994843666667,28.4345723333333
2015-08-11 13:41:42.143,-0.183187,-0.13684125,0.06115875,-0.184061,-0.03284025,0.0696945,-43.4441155,-1.44446925,-15.1435565,52.63487625,153.3095315,-63.45614225,-0.1453776,-0.0485448,0.024032,-0.326822,-0.0231206,-0.0010066,-42.5678802,1.0032436,7.0690806,64.2271974,176.9880418,21.0983058
2015-08-11 13:41:42.162,-0.1841825,-0.1423425,0.067352,-0.10172225,-0.02031325,0.046318,-43.07825675,-1.54073825,-15.159664,52.4453165,153.5786065,-63.69866875,-0.144580333333333,-0.028896,0.026122,-0.080002,-0.00978233333333333,0.0454553333333333,-42.3906546666667,1.190961,7.22740966666667,64.0235476666667,-59.8834923333333,15.1228496666667
2015-08-11 13:41:42.183,-0.185178,-0.13546625,0.071223,-0.040088,-0.02611175,0.02577125,-42.5786245,-1.64734675,-14.97959575,52.27050825,153.83448275,-63.656938,-0.1458265,-0.002167,0.023509,0.00844875,-0.00960225,0.04259625,-42.5570145,1.427364,7.27634125,63.384142,173.61495975,18.86215275
2015-08-11 13:41:42.203,-0.1841825,-0.1237765,0.071223,-0.001295,-0.04045925,0.026834,-41.728731,-1.9106745,-15.2046915,52.25193325,154.02384275,-63.36488725,-0.1441814,0.0018102,0.023509,0.0616288,-0.00137,0.0458234,-42.497843,1.427168,7.4024558,63.003479,161.209152,26.1674372
2015-08-11 13:41:42.223,-0.1802005,-0.1402795,0.068126,0.07108375,-0.00792525,0.02095025,-42.140888,-1.8123325,-15.577272,52.10199275,154.1602005,-63.195299,-0.143084333333333,0.00905,0.02438,0.0792063333333333,-0.00662266666666667,0.0409473333333333,-42.0988476666667,1.354415,7.24198833333333,63.8428003333333,155.149609,29.2598086666667
2015-08-11 13:41:42.243,-0.182523333333333,-0.14303,0.0670936666666667,0.134695,0.0221313333333333,0.014889,-41.7577553333333,-1.79717066666667,-15.551277,51.9115723333333,154.171061666667,-63.2164583333333,-0.142087,0.007919,0.026122,0.08178775,0.00589975,0.04188175,-42.048255,1.27339175,7.33862925,64.8938015,153.99459925,29.45492025
2015-08-11 13:41:42.263,-0.1861735,-0.1320275,0.068126,0.15373125,0.02108375,-0.001122,-41.17999075,-1.5678855,-15.6086555,51.842004,154.15051225,-63.0922825,-0.143209,0.01074725,0.028734,0.05802525,0.01383825,0.0395055,-42.35407825,1.4125665,7.70409375,65.9697165,152.90471625,29.580746
2015-08-11 13:41:42.283,-0.187169,-0.1292775,0.0696745,0.11682225,0.0018395,-0.0405935,-41.4170255,-1.398783,-15.378818,51.82336525,154.14812125,-62.85556875,-0.143583,0.011313,0.0330873333333333,0.0182876666666667,0.012207,0.01639,-42.644104,1.29541433333333,7.53501066666667,66.7161313333333,152.768163666667,29.2621653333333
2015-08-11 13:41:42.302,-0.185178,-0.136612,0.063997,0.113238666666667,-0.00363233333333333,-0.0347826666666667,-42.1213443333333,-1.302854,-15.2884746666667,51.7372193333333,154.174609333333,-62.8276156666667,-0.144331,0.011313,0.035264,0.004262,0.00910025,0.0070475,-42.642089,1.183889,7.353364,67.31078175,153.52317275,28.49112875
2015-08-11 13:41:42.323,-0.185178,-0.12308825,0.061933,0.1277745,-0.01075775,0.00263425,-42.2518255,-1.75052075,-15.16258875,51.76385825,154.190933,-62.78633475,-0.143583,0.01187875,0.033958,-0.01322275,0.003143,-0.01120175,-42.5748615,1.30549625,7.44057275,67.96323725,154.0136455,27.83584725
2015-08-11 13:41:42.344,-0.1821915,-0.1168995,0.063481,0.098582,-0.00663225,-0.00866625,-42.30694675,-2.16128225,-14.59300225,51.938693,154.203231,-62.5548835,-0.142835,0.0101815,0.031999,-0.01375425,0.00382975,-0.0067705,-42.489357,1.47112725,7.696599,68.6132425,154.41435875,27.084727
2015-08-11 13:41:42.365,-0.179205,-0.122401,0.068126,0.1021505,0.02077825,-0.01156575,-41.93654925,-2.08036425,-14.7995905,51.99651825,154.2290455,-62.37624125,-0.142087,0.01074725,0.031346,-0.017111,0.008333,-0.00493725,-42.18869225,1.330948,7.4135715,69.26565375,154.46685575,26.56278475
2015-08-11 13:41:42.384,-0.184514333333333,-0.128360333333333,0.068126,0.104091333333333,0.0304703333333333,-0.00209533333333333,-42.2504333333333,-1.99474133333333,-15.0058926666667,51.976747,154.240556666667,-62.24345,-0.143084333333333,0.007542,0.028734,-0.036577,0.005074,0.003259,-42.209077,1.305111,7.344413,69.8417693333333,154.637900666667,25.9734163333333
2015-08-11 13:41:42.404,-0.187169,-0.123776,0.063481,0.0786725,0.0190125,0.005005,-42.33021075,-1.898246,-15.23859275,52.06107325,154.207353,-62.18375825,-0.144705,0.00961575,0.026122,-0.060467,0.008407,0.01124925,-42.101307,1.46215375,7.31671425,70.466696,153.60676075,25.8585005
2015-08-11 13:41:42.424,-0.1861735,-0.1265265,0.0665775,0.057661,0.001373,0.01347875,-42.325058,-1.849578,-15.1768625,52.15013975,154.2113005,-62.14717225,-0.14545275,0.00905025,0.0248155,-0.05923225,0.00344225,-0.0092145,-42.0344655,1.51842625,6.63754675,71.17120125,152.29259125,25.919248
2015-08-11 13:41:42.444,-0.185178,-0.129277,0.065029,0.0513145,0.001754,0.027067,-42.226267,-1.926935,-15.1367285,52.158463,154.2394415,-62.126953,-0.14620025,0.0056565,0.028081,-0.00684425,-0.00113925,-0.00669275,-42.491457,1.52089025,6.98373,71.7587135,153.151105,24.979928
2015-08-11 13:41:42.464,-0.185178,-0.129277,0.0699842,0.0470908,-0.0039878,0.0143876,-42.1999182,-2.2151984,-14.9663778,52.141438,154.2925798,-62.0540924,-0.143209,0.0084845,0.028081,0.02896325,-0.00869775,0.00079025,-42.82183575,1.3444885,7.29698325,72.236301,154.11603325,24.142901
2015-08-11 13:41:42.484,-0.1841825,-0.1306525,0.071223,0.06083825,0.00129675,0.00980425,-42.655612,-2.16807275,-15.08405425,52.06914875,154.381755,-61.912586,-0.141588666666667,0.00905,0.0304753333333333,0.02962,-0.001646,-0.002136,-42.5951373333333,1.15826666666667,7.20327533333333,72.5984656666667,154.10495,23.759279
2015-08-11 13:41:42.504,-0.1821915,-0.127902,0.068126,0.07639975,0.0114505,-0.0121865,-42.87056425,-2.20046125,-14.9998135,52.0201465,154.4210455,-61.81714125,-0.14246125,0.00905,0.029387,0.04445075,-0.00304525,0.00644075,-42.49154275,1.49820925,7.33555675,72.95351875,154.167212,23.43245275
2015-08-11 13:41:42.523,-0.185178,-0.129277,0.068126,0.08822,0.0128483333333333,-0.013609,-42.8446846666667,-2.15150033333333,-15.015086,51.9816713333333,154.433191,-61.7814793333333,-0.142461,0.0101815,0.031346,0.04825875,-0.003961,0.01567725,-42.35758025,1.58517375,7.420285,73.26671175,154.739172,23.0393615
2015-08-11 13:41:42.544,-0.185178,-0.129277,0.068126,0.0800345,0.0098425,-0.01088375,-41.9516275,-2.2206925,-15.2077655,51.961482,154.408338,-61.74224625,-0.143583,0.00961575,0.03004,0.0511495,-0.00663225,0.008803,-42.0777015,1.542955,7.00352725,73.558518,155.266572,22.752205
2015-08-11 13:41:42.564,-0.1861735,-0.127902,0.0696745,0.0810865,-0.00787225,-0.00065025,-41.748912,-1.97963125,-15.1771705,51.94862675,154.4013985,-61.664874,-0.144331,0.0101815,0.03004,0.0476275,-0.0099905,-0.00081975,-42.7046775,1.6373545,7.366716,73.87944125,155.44409175,22.47949775
2015-08-11 13:41:42.584,-0.1841825,-0.127902,0.068126,0.05190425,-0.00451125,-0.00523125,-42.28775025,-1.846761,-14.763445,51.935996,154.471203,-61.56677375,-0.143583,0.011313,0.0296046666666667,0.0517673333333333,-0.0107013333333333,-0.0153763333333333,-42.9658126666667,1.52225533333333,7.448924,74.1230253333333,155.041655666667,22.396599
2015-08-11 13:41:42.604,-0.183850666666667,-0.132028,0.068126,0.049681,-0.007106,-0.00108166666666667,-42.5405296666667,-1.91547633333333,-14.8022453333333,51.891611,154.541308333333,-61.5736296666667,-0.144705,0.01244425,0.03004,0.0669255,-0.0122005,-0.01555175,-43.0973235,1.8049275,7.240148,74.33830525,154.9276475,22.32639125
2015-08-11 13:41:42.625,-0.185178,-0.133403,0.0696745,0.061735,0.00144625,-0.0192025,-42.37696375,-2.13772425,-14.645786,51.82199175,154.5929855,-61.58854825,-0.142461,0.015838,0.026122,0.05118325,-0.01487025,-0.01226525,-42.484546,1.92278875,7.22661575,74.56373925,153.738754,22.88615375
2015-08-11 13:41:42.644,-0.1861735,-0.133403,0.072771,0.07874775,-0.0126025,-0.03339825,-42.005271,-2.31127175,-14.33923375,51.6926715,154.64175625,-61.54745625,-0.143583,0.013576,0.028734,0.038601,-0.0170053333333333,-0.0144516666666667,-42.1962256666667,1.86046733333333,7.23738066666667,74.75321,152.717542666667,23.2693503333333
2015-08-11 13:41:42.664,-0.186505333333333,-0.121942666666667,0.0701906666666667,0.0708176666666667,-0.0224743333333333,-0.032629,-42.2192216666667,-2.43077166666667,-14.1324876666667,51.6812033333333,154.711202,-61.3878003333333,-0.142835,0.013576,0.029387,0.00886925,-0.01761325,-0.0032515,-42.666732,1.77966675,7.30955225,74.919153,152.14859375,23.401871
2015-08-11 13:41:42.685,-0.185178,-0.1251515,0.068126,0.0560445,-0.025957,-0.03483675,-42.9456865,-2.4139125,-14.2561085,51.705594,154.77170425,-61.28451625,-0.143957,0.01187875,0.029387,-0.021137,-0.0173035,-0.001571,-42.97828025,1.75924825,7.1226935,75.07921875,152.15234375,23.3256855
2015-08-11 13:41:42.704,-0.183187,-0.1306525,0.068126,0.06763775,-0.00984125,-0.01543675,-42.1044035,-2.4932405,-14.80743,51.65872775,154.79630625,-61.27782775,-0.144705,0.00961575,0.03004,-0.02922475,-0.01531475,0.00346825,-42.98028675,1.75044675,7.26109375,75.271818,152.522878,22.98251
2015-08-11 13:41:42.724,-0.1841825,-0.127902,0.0696745,0.06434025,-0.00174675,-0.02421425,-41.37255,-2.7518405,-14.93994825,51.630598,154.71748275,-61.263317,-0.145079,0.007919,0.031346,-0.0046345,-0.01279225,0.00583475,-42.45692375,1.6065085,7.1415465,75.399365,153.91707975,22.309677
