2015-08-11 13:59:28.322,null,null,null,null,null,null,null,null,null,null,null,null,null,null,null,null,null,null,null,null,null,null,null,null
2015-08-11 13:59:28.341,null,null,null,null,null,null,null,null,null,null,null,null,null,null,null,null,null,null,null,null,null,null,null,null
2015-08-11 13:59:28.362,null,null,null,null,null,null,null,null,null,null,null,null,null,null,null,null,null,null,null,null,null,null,null,null
2015-08-11 13:59:28.381,null,null,null,null,null,null,null,null,null,null,null,null,null,null,null,null,null,null,null,null,null,null,null,null
2015-08-11 13:59:28.402,-0.179205,-0.166868333333333,0.077416,0.150617333333333,0.022583,0.0187273333333333,-42.440084,-6.39999266666667,-16.6474716666667,45.108024,148.791755333333,-63.96239,-0.1376,0.027151,0.031346,-0.093188,-0.014071,0.0019655,-44.0855445,1.5383985,4.636833,70.4999285,166.92384,41.880355
2015-08-11 13:59:28.421,-0.1782095,-0.16228425,0.07664175,0.16838225,0.01789675,0.012209,-42.45277325,-6.71885575,-16.37657125,45.08823375,148.878412,-63.86459275,-0.138348,0.02602,0.031346,-0.05041775,-0.01093825,-0.001776,-44.056343,1.5305245,4.835618,70.66575175,166.897083,41.72079925
2015-08-11 13:59:28.442,-0.179205,-0.159534,0.0784483333333333,0.178682,0.017794,-0.00173966666666667,-42.4079526666667,-6.705305,-16.3719716666667,45.1050733333333,148.936286333333,-63.730255,-0.139844,0.027151,0.031346,-0.00406425,-0.009333,-0.00345525,-44.11615075,1.55861125,5.15091175,70.88451075,166.76885975,41.56697475
2015-08-11 13:59:28.461,-0.1782095,-0.1581585,0.08051275,0.187005,0.01988125,-0.00917175,-42.69566725,-6.97020175,-16.01485975,45.1073855,149.00519375,-63.54359075,-0.142087,0.027151,0.03657,0.030598,-0.008644,0.0050205,-44.2448015,1.4360825,5.29418575,71.0331905,166.62301425,41.36564825
2015-08-11 13:59:28.481,-0.1821915,-0.16090875,0.086706,0.1962445,0.0048385,-0.02635225,-42.79418375,-6.711105,-16.03396425,45.09048425,149.132997,-63.2056825,-0.144580333333333,0.0346936666666667,0.0435363333333333,0.009952,-0.0213416666666667,0.0245653333333333,-44.3675903333333,1.46669866666667,5.06542566666667,70.9534463333333,166.81784,41.0982126666667
2015-08-11 13:59:28.501,-0.195632,-0.2001045,0.10296325,0.315745,-0.05044475,-0.114775,-42.495513,-6.6667895,-16.258912,44.82315,149.3129215,-62.8725505,-0.1495655,0.050909,0.049631,-0.081114,-0.04391375,0.07197725,-44.06633575,1.43041,4.9942715,70.57638075,167.14224575,41.26737375
2015-08-11 13:59:28.521,-0.21305425,-0.2317365,0.12154325,0.641718,-0.157728,-0.3168185,-42.1793815,-7.06115675,-15.93987075,44.11566425,149.56377375,-62.21291975,-0.162279,0.0905045,0.0574675,-0.2553625,-0.075373,0.221791,-44.23562725,1.6868735,4.7559045,69.59414675,168.009082,42.446653
2015-08-11 13:59:28.541,-0.22832,-0.247552,0.116640333333333,0.833224333333333,-0.293645333333333,-0.617084,-42.425307,-7.626,-16.023498,43.2243636666667,149.694860666667,-61.5210963333333,-0.172499333333333,0.114638666666667,0.065304,-0.509788,-0.115919333333333,0.467740666666667,-44.4236093333333,1.82305633333333,4.89057633333333,68.195518,169.336613333333,44.219496
2015-08-11 13:59:28.562,-0.2419265,-0.22829825,0.11844625,0.55833475,-0.459037,-1.0239715,-42.2188685,-8.1652665,-15.428361,42.15934775,149.6416685,-61.03933975,-0.18209675,0.13858475,0.0914255,-0.79330575,-0.17211875,0.82013375,-44.21665675,2.07014075,5.01743925,66.308817,171.007962,45.76455475
2015-08-11 13:59:28.583,-0.2364505,-0.2606175,0.14709025,0.16157775,-0.70445225,-1.53350925,-41.434614,-9.50345825,-14.74849575,40.300166,149.5366885,-60.82598525,-0.192192,0.1900595,0.107099,-1.4132575,-0.32552225,1.19940475,-44.11447425,2.49359125,5.0870055,63.474386,173.1614215,47.21796425
2015-08-11 13:59:28.602,-0.2225125,-0.298438,0.18037925,-0.2226565,-0.91000825,-2.04663625,-41.6576765,-10.86622125,-14.403367,37.53766625,149.48509325,-60.94479775,-0.19294,0.1945845,0.1057925,-2.0302315,-0.59353925,1.54156575,-44.49934575,3.1544005,4.98538825,60.107321,175.16065875,47.83281375
2015-08-11 13:59:28.622,-0.205753333333333,-0.312649333333333,0.180637,-0.593451666666667,-1.13867566666667,-2.47044933333333,-40.8238743333333,-12.6631706666667,-13.5748036666667,34.479454,149.411544666667,-61.4247403333333,-0.1738705,0.1498975,0.0894665,-2.34940875,-0.74969175,1.79996175,-44.18335625,3.916894,5.34872175,56.784708,176.7392625,47.60227175
2015-08-11 13:59:28.642,-0.168751,-0.33900925,0.17496,-0.81038525,-1.32562575,-2.73195075,-40.48540475,-14.7872765,-12.69663825,30.73778775,149.4065495,-62.350794,-0.161032333333333,0.108605333333333,0.0870723333333333,-2.189871,-0.86372,2.137439,-44.026183,4.76495733333333,6.026356,54.093821,178.080599,46.8326206666667
2015-08-11 13:59:28.662,-0.137390333333333,-0.358492333333333,0.182701333333333,-0.956203666666667,-1.44410833333333,-2.95710566666667,-39.974584,-16.5043553333333,-12.167297,26.854257,149.540517,-63.3227316666667,-0.1458265,0.100686,0.094038,-1.5391725,-0.993198,2.4881775,-44.088811,5.73051475,6.599175,51.265941,89.57001825,46.3749525
2015-08-11 13:59:28.682,-0.114824,-0.385998,0.201281666666667,-0.909574,-1.52036433333333,-3.06706133333333,-39.5187506666667,-18.7254683333333,-11.4650893333333,23.1285976666667,149.700206666667,-64.1296273333333,-0.1286265,0.1142615,0.1031805,-0.54109475,-1.0834535,2.87317525,-44.2178295,7.352705,7.5119535,47.48680575,-178.54010325,46.873793
2015-08-11 13:59:28.702,-0.083231,-0.3680276,0.1957078,-0.8707234,-1.5595414,-3.2211012,-38.190748,-21.8562054,-10.7466608,18.1433,149.8542438,-64.9557464,-0.114418,0.148201,0.12081275,0.16476025,-1.19241675,3.06353625,-44.27046225,9.33624525,8.320237,43.0631585,-176.84762025,48.34217175
2015-08-11 13:59:28.723,-0.05674825,-0.366515,0.1772825,-0.76968625,-1.5837165,-3.34029625,-36.91206475,-24.79636675,-9.6116385,12.63813575,149.982932,-65.84668975,-0.09123525,0.1815745,0.13909775,0.36688,-1.3009215,3.1150015,-43.35453975,11.73579725,9.24383625,37.914648,-175.47140875,50.102185
2015-08-11 13:59:28.743,-0.031361,-0.354825,0.17341175,-0.591848,-1.525226,-3.279286,-35.148285,-27.725642,-9.00835675,7.8392195,150.05051,-66.49900175,-0.07578,0.174975,0.154117666666667,0.370061666666667,-1.33561333333333,3.06076166666667,-42.3358153333333,14.021255,10.1407883333333,33.4209566666667,-174.568238,51.103454
2015-08-11 13:59:28.763,-0.013938,-0.319984666666667,0.165154333333333,-0.404388333333333,-1.397479,-3.114505,-33.0113946666667,-30.3114146666667,-8.44066133333333,3.77454766666667,149.936331,-66.7538886666667,-0.065061,0.160645,0.155424,0.41384025,-1.2992415,3.06376525,-40.87852175,16.12625,10.7716685,28.9295125,-173.5862015,51.720023
2015-08-11 13:59:28.783,-0.01543125,-0.3073775,0.15250925,-0.132859,-1.33005475,-2.901084,-30.97762,-32.55574325,-7.6631005,0.4001865,149.665827,-66.73525975,-0.05496525,0.1572515,0.130608,0.33091525,-1.2297555,2.95755125,-39.5015745,18.938964,11.569247,24.23555925,-172.5479405,52.39945
2015-08-11 13:59:28.804,-0.01443575,-0.28537275,0.140123,0.04559,-1.236745,-2.5990875,-29.05598875,-34.96623425,-6.9054295,-3.056926,149.25997375,-66.50419625,-0.04823475,0.141413,0.12669,0.24463075,-1.13598775,2.71343375,-38.62699225,21.39154325,12.6143115,20.06735875,-171.60189125,52.79821625
2015-08-11 13:59:28.823,-0.0149335,-0.2564915,0.1347035,0.039863,-1.10785225,-2.297702,-27.45090125,-36.6185045,-6.360758,-5.69794225,148.6239875,-66.107246,-0.04486975,0.14311,0.112323,0.1862165,-0.98747125,2.4252585,-37.53151525,23.756557,13.71080975,16.60060075,-170.78114825,53.07033225
2015-08-11 13:59:28.843,-0.0152653333333333,-0.262222333333333,0.131091,0.0245406666666667,-0.985042666666667,-2.046,-25.4358826666667,-38.2218183333333,-5.688926,-7.57706233333333,147.914886333333,-65.804654,-0.0443713333333333,0.138019333333333,0.09665,0.173261,-0.855269666666667,2.13163566666667,-36.7349726666667,25.146462,14.4246186666667,14.037003,-170.361506333333,53.5009263333333
2015-08-11 13:59:28.863,-0.016427,-0.2839975,0.12773625,0.14035025,-0.827618,-1.7609805,-23.8804355,-38.98293125,-5.24397975,-8.97861325,147.17255525,-65.56426,-0.0418785,0.133494,0.078365,0.19369975,-0.71876675,1.85852825,-35.41864125,26.5745415,15.27164925,12.01903225,-170.286291,54.12165825
2015-08-11 13:59:28.883,-0.02240075,-0.28743575,0.10606,0.17478825,-0.664593,-1.38652,-22.7739235,-39.91420075,-4.1833795,-9.92542675,146.50150625,-65.50086525,-0.039261,0.14141275,0.065957,0.22592275,-0.52916975,1.53950375,-34.0734815,27.79366525,15.7135855,10.1461995,-170.8035345,55.2336665
2015-08-11 13:59:28.903,-0.0272123333333333,-0.269557333333333,0.082577,-0.0357316666666667,-0.501339666666667,-1.092643,-21.3159996666667,-40.5715636666667,-3.645723,-10.287597,146.052330333333,-65.8046153333333,-0.04935675,0.14084725,0.07052825,0.0987865,-0.37454425,1.158171,-33.1433935,28.83192925,16.071652,8.961582,-171.43872475,56.25876975
2015-08-11 13:59:28.924,-0.0313605,-0.25580375,0.07354525,-0.49189525,-0.3422855,-0.91974275,-20.61276975,-40.970373,-3.2175245,-10.20862175,145.58072475,-66.629455,-0.06543525,0.1487665,0.08489525,-0.338746,-0.34736075,0.786994,-32.1654765,29.8736275,16.28661625,8.68515375,-171.950248,56.58964575
2015-08-11 13:59:28.943,-0.0467925,-0.2929365,0.08670625,-0.86818825,-0.22660275,-0.814521,-19.55916975,-41.064456,-3.301929,-9.79041025,144.659469,-67.90386075,-0.067305,0.144807,0.088814,-0.594901666666667,-0.269857333333333,0.571995,-31.5347276666667,30.3575603333333,16.7027666666667,8.815046,-172.033463666667,56.2117576666667
2015-08-11 13:59:28.965,-0.067202,-0.37407875,0.091351,-0.51388625,-0.12749025,-0.696013,-18.052927,-41.61481275,-3.6900215,-9.091884,143.47088625,-69.0536685,-0.069922,0.14141325,0.07248725,-0.61882725,-0.15005125,0.419177,-31.16583125,30.46240125,16.97322475,9.2777365,-172.6055465,56.04137325
2015-08-11 13:59:28.983,-0.0686955,-0.3823305,0.091351,-0.2926,-0.0578515,-0.6426385,-17.414821,-41.996004,-3.6626185,-8.4958185,142.48528,-69.6513185,-0.0800175,0.1425445,0.0705285,-0.4609185,-0.0717845,0.3628245,-30.6800435,30.3307755,17.0446265,9.8307335,-173.4066865,56.123448
2015-08-11 13:59:29.006,-0.0605312,-0.3515242,0.0656488,-0.5004778,0.064444,-0.6562002,-16.576605,-41.985096,-3.816353,-7.8283264,141.3667856,-70.5145016,-0.0877451666666667,0.150463333333333,0.0922963333333333,-0.196719166666667,-0.0379316666666667,0.2488965,-30.2783356666667,30.3207058333333,17.6242555,10.7954345,-173.880597166667,56.2426773333333
2015-08-11 13:59:29.026,-0.05177,-0.34038425,0.0557395,-1.0735155,0.263922,-0.756718,-16.2771235,-42.10263825,-4.31031425,-7.120309,140.175962,-72.328061,-0.08487825,0.146504,0.122119,0.1850615,-0.002372,0.1569385,-30.14033925,30.470549,17.91503075,11.87914975,-172.748639,55.898317
2015-08-11 13:59:29.046,-0.04629425,-0.38989475,0.062707,-1.0202175,0.34570175,-0.8512495,-15.96787925,-42.19250875,-5.2720735,-6.752317,138.931191,-74.1086095,-0.0812643333333333,0.168941666666667,0.099262,0.234539333333333,0.050035,0.162994,-30.0548533333333,30.4727646666667,17.3631046666667,12.465612,-172.199906333333,56.03934
2015-08-11 13:59:29.066,-0.040819,-0.445594,0.02787,-0.66835925,0.39166925,-0.928524,-15.76654425,-42.16362275,-5.60734125,-6.77560575,138.54909625,-75.79425725,-0.109183,0.15668575,0.08032425,0.160008,0.028853,0.0660595,-29.7859505,30.5089575,17.52753625,12.97642375,-173.99236525,57.06814225
2015-08-11 13:59:29.086,-0.033186,-0.353908,0.0732873333333333,-0.682434333333333,0.315998,-0.815615666666667,-15.2850986666667,-41.8249486666667,-6.16949533333333,-6.69528466666667,137.772711,-76.7616886666667,-0.08936575,0.0837165,0.17828025,0.4667325,-0.141044,-0.04053675,-29.89122825,30.562776,17.67510425,13.2082815,-171.22856675,55.4326345
2015-08-11 13:59:29.106,-0.00995575,-0.286748,0.1083825,-1.08527425,0.160762,-0.7768765,-13.8866025,-41.78018475,-6.70493975,-6.822855,136.4566065,-77.3919205,-0.057209,0.16856425,0.14628125,0.305235,-0.12432175,-0.11147325,-30.21731225,30.69107725,17.807277,13.02955475,-169.53870975,54.46120075
2015-08-11 13:59:29.125,0.02800725,-0.333508,0.10528575,-1.02670775,0.0824185,-0.923866,-12.75994875,-41.612074,-7.71608,-7.4840095,135.00016075,-77.815654,-0.0321565,0.2477555,0.1201595,-0.35281975,-0.06667125,-0.20508825,-30.09873875,30.617349,17.88298575,12.758735,-170.67887975,54.735986
2015-08-11 13:59:29.146,0.1002,-0.435967,0.051095,-0.07681225,0.207417,-0.94280275,-12.3307895,-41.31145375,-8.27157725,-8.7732385,135.1383285,-78.486134,-0.0231825,0.2590685,0.1397505,-0.609612,0.02618,-0.12689775,-30.14118975,30.7430375,18.09309625,12.249661,-171.8512955,54.65844525
2015-08-11 13:59:29.166,0.128993,-0.447427666666667,0.0578043333333333,0.801052,0.355704333333333,-0.935854,-11.928659,-41.3963543333333,-7.96715666666667,-10.1139226666667,135.580202333333,-78.179955,-0.0194436666666667,0.227769666666667,0.155859333333333,-0.409324666666667,0.0862743333333333,-0.014677,-30.341564,30.608343,17.961934,11.769564,-172.229162333333,54.3100826666667
2015-08-11 13:59:29.186,0.1468445,-0.3768295,0.0913505,0.926305,0.47932825,-1.0063325,-11.01834625,-41.555807,-7.66404625,-11.6536565,135.602365,-76.98883025,-0.02206125,0.229655,0.163913,-0.15313875,0.07008375,0.08598525,-30.37005475,30.42761825,17.80944875,11.267469,-172.216079,54.123365
2015-08-11 13:59:29.206,0.165848,-0.4249645,0.099092,0.708837,0.527434,-1.1824145,-9.38597975,-41.69251925,-7.65292375,-13.536725,135.2558115,-75.8112595,-0.0201915,0.2206045,0.164566,-0.03568875,0.03533175,0.07436275,-30.4345655,30.22465575,17.862591,10.67254675,-172.1519025,54.03317375
2015-08-11 13:59:29.227,0.1969445,-0.4813515,0.1099305,1.4061395,0.5475925,-1.17584775,-8.37109075,-41.63181325,-6.817971,-15.288855,134.895973,-74.31697125,-0.0269216666666667,0.227769333333333,0.160212666666667,-0.114150333333333,0.0253746666666667,0.036097,-30.4345963333333,30.2313063333333,17.9332026666667,10.25226,-172.177726333333,53.975907
2015-08-11 13:59:29.246,0.216524,-0.428173666666667,0.114576,1.647406,0.589666,-1.271219,-7.19429766666667,-41.9962446666667,-5.47073766666667,-16.9456616666667,134.643542,-72.5104266666667,-0.02841725,0.20985675,0.15673,-0.224129,0.0025685,-0.02254625,-30.64953375,30.12177025,18.19346175,9.9736385,-172.29672625,53.79131425
2015-08-11 13:59:29.266,0.2228585,-0.3850815,0.1269625,1.44584575,0.60264675,-1.35666375,-6.03324525,-42.0344715,-4.14988375,-18.854234,134.1904045,-70.472073,-0.03178275,0.1877965,0.159342,-0.103477,0.02768875,0.014944,-30.43592675,30.086787,18.0812255,9.72474125,-171.985625,53.331601
2015-08-11 13:59:29.287,0.223434,-0.365827333333333,0.143477333333333,1.131632,0.586815,-1.430553,-5.182181,-41.6064553333333,-2.75311966666667,-20.7210743333333,133.645665,-68.7049093333333,-0.038887,0.193075666666667,0.152376666666667,-0.0682136666666667,0.025674,0.00931733333333333,-30.3782826666667,29.9840166666667,17.945212,9.64069466666667,-171.767691666667,53.120668
2015-08-11 13:59:29.307,0.21335625,-0.35757525,0.1378005,0.98937675,0.56973625,-1.47379725,-4.481244,-41.49576975,-1.56131175,-22.46512125,133.0710865,-67.1511295,-0.0403826,0.1972994,0.1520284,-0.0129452,0.0336492,0.0403022,-30.414665,30.0722198,18.0326248,9.6076778,-171.5639564,53.002223
2015-08-11 13:59:29.326,0.22976825,-0.37407875,0.1099305,1.171109,0.6712925,-1.468147,-3.08473,-40.991168,-0.560594,-24.35184575,132.7589435,-65.61672075,-0.0344003333333333,0.199864,0.148893,-0.007731,0.0203676666666667,0.047073,-30.2280316666667,30.242461,18.1418756666667,9.49783666666667,-171.512561666667,53.0067363333333
2015-08-11 13:59:29.347,0.2297685,-0.3672025,0.1052855,1.6029145,0.82255825,-1.33879625,-1.220222,-40.688285,0.633486,-26.103815,132.5990865,-63.70758525,-0.0276695,0.203069,0.15085275,0.04848875,0.0167505,0.04500275,-30.28435625,30.1377095,18.0751985,9.28501875,-171.52253125,53.0656155
2015-08-11 13:59:29.366,0.2055825,-0.3190675,0.120769,1.75334,0.94312775,-1.20203875,-0.541762,-40.34495825,1.806888,-27.3852735,132.12772475,-61.42201975,-0.0246785,0.2104225,0.14954625,0.0836755,0.023084,0.03209025,-30.31731375,30.2152775,18.0444355,8.98018825,-171.625295,53.22692725
2015-08-11 13:59:29.386,0.183124,-0.275058,0.115608,1.60291433333333,1.04903633333333,-1.08398933333333,0.280658666666667,-39.979814,3.42128766666667,-28.2370703333333,131.412229333333,-59.18098,-0.024928,0.220227666666667,0.148893,0.101372,0.0242246666666667,0.0290306666666667,-29.682007,30.1504213333333,17.882023,8.71544266666667,-171.807876333333,53.4752676666667
2015-08-11 13:59:29.406,0.16757575,-0.27299525,0.1130275,1.52464725,1.1308925,-0.9410465,1.35490175,-39.519289,5.15072475,-28.73737975,130.98447425,-57.45269625,-0.02804325,0.22682675,0.146934,0.0629495,0.02994625,0.02810925,-29.9443515,30.42030525,18.01312975,8.500745,-172.09112425,53.78198025
2015-08-11 13:59:29.426,0.143965333333333,-0.30073,0.130058666666667,1.85418366666667,1.19544033333333,-0.795355333333333,2.05683733333333,-39.013856,6.271885,-28.704512,130.400232333333,-55.559031,-0.030287,0.22003875,0.144975,0.0314055,0.014441,0.04627425,-30.14864875,30.54561775,17.89386225,8.3014405,-172.3697,54.06469625
2015-08-11 13:59:29.446,0.117476,-0.29018625,0.164122,2.12932775,1.26451925,-0.67448025,2.620861,-38.11358375,7.43645525,-28.03920625,128.966184,-53.05919425,-0.029913,0.2087255,0.139098,0.028726,0.004131,0.04916525,-29.69706475,30.51220125,17.73003625,8.133504,-172.557773,54.28637175
2015-08-11 13:59:29.467,0.074286,-0.2640555,0.2214095,1.9621035,1.22733275,-0.5936935,3.192547,-37.122451,9.1192695,-26.6377255,125.81469025,-49.71313175,-0.030661,0.1991095,0.139751,0.0140625,0.011536,0.017089,-29.67242725,30.447307,17.9067745,8.0242475,-172.65907125,54.40307475
2015-08-11 13:59:29.486,0.062193,-0.2241725,0.229151,1.367884,1.1006545,-0.55077975,3.23545675,-35.88077075,11.08050225,-25.08582525,122.1400825,-46.61468175,-0.0269215,0.2025035,0.142363,0.0616235,0.01848175,0.01135925,-29.97268425,30.52733825,18.003637,7.91858,-172.68849575,54.477309
2015-08-11 13:59:29.506,0.07083125,-0.23036075,0.2214095,0.6756975,0.98924825,-0.491068,3.63039975,-35.09297775,12.19014325,-23.661571,119.08411925,-44.6543595,-0.029165,0.211554,0.146281,0.0313,0.0192405,0.00257675,-30.051216,30.59242025,18.05928375,7.7976125,-172.78879025,54.59620725
2015-08-11 13:59:29.527,0.0679516666666667,-0.245718666666667,0.267343666666667,0.336285666666667,0.882983,-0.406234,3.81447166666667,-34.64371,13.1948596666667,-22.475115,116.772643333333,-43.661242,-0.0324056666666667,0.214948,0.146281,-0.010367,0.017379,-0.00337866666666667,-29.9031046666667,30.5780466666667,18.060717,7.73826266666667,-172.909353666667,54.668611
2015-08-11 13:59:29.547,0.0725585,-0.2764335,0.308116,0.30261125,0.7838445,-0.370651,4.4523795,-34.346346,13.86747225,-21.30542325,114.33720775,-42.7356005,-0.026174,0.214948,0.147587,0.00350425,0.0158755,0.00876125,-29.7345725,30.50409725,18.03473275,7.64717875,-173.0130525,54.72991375
2015-08-11 13:59:29.566,0.082924,-0.2702445,0.32746975,0.35835275,0.64724,-0.31055725,4.42609775,-34.20116825,14.40746225,-20.15436175,111.913387,-41.6871255,-0.032904,0.2070285,0.143669,0.0188515,0.01083225,0.0160895,-30.19558125,30.66476675,18.17095475,7.57227625,-173.138513,54.8103555
2015-08-11 13:59:29.587,0.095881,-0.226235,0.3042445,0.1763915,0.576685,-0.233741,4.18360675,-33.9100915,14.34222875,-19.2918455,110.22702175,-40.81822225,-0.023183,0.2138165,0.141057,0.0627495,0.03747725,0.03807575,-30.42599,30.7061905,18.15422275,7.43322625,-173.2344395,54.93907725
2015-08-11 13:59:29.607,0.0771653333333333,-0.184288666666667,0.316889666666667,-0.285982666666667,0.372910333333333,-0.252398,3.54998333333333,-33.6033576666667,14.3950603333333,-18.7541976666667,108.877921333333,-40.0446046666667,-0.03091,0.214948333333333,0.144539666666667,0.0125263333333333,0.040373,0.025524,-30.4572556666667,30.7898783333333,17.925684,7.344808,-173.335133666667,55.0782583333333
2015-08-11 13:59:29.627,0.0846515,-0.232424,0.3685,-0.147132,0.1506755,-0.07529375,3.7950765,-33.303052,14.39475625,-18.16882,107.5532745,-39.54729375,-0.0314085,0.209291,0.1488935,-0.010557,0.035784,0.0076795,-30.8244195,30.968002,17.83780025,7.318068,-173.3282795,55.09299975
2015-08-11 13:59:29.648,0.1140205,-0.2585545,0.362307,0.10095925,-0.03862275,-0.0016035,3.7309855,-33.2398165,14.316314,-17.84515025,106.9165215,-39.06461475,-0.031409,0.2138165,0.151506,0.007234,0.02302675,0.022107,-31.20139025,30.88317575,17.62764975,7.2894915,-173.2045405,55.043621
2015-08-11 13:59:29.668,0.13388775,-0.259242,0.36385525,0.3092635,-0.15323625,0.1196535,3.609486,-33.30063225,15.01156425,-17.72479225,106.962912,-38.598269,-0.0276695,0.214948,0.144975,0.01028625,0.032261,0.02996675,-30.68370175,30.799482,17.32610375,7.21370175,-173.174532,55.0945105
2015-08-11 13:59:29.688,0.135903333333333,-0.257637666666667,0.360242333333333,0.164132,-0.257617333333333,0.131234666666667,3.99594466666667,-33.1818896666667,15.2298756666667,-17.7642523333333,107.201396666667,-38.1913753333333,-0.026922,0.21438225,0.137139,0.015171,0.0634805,0.03843475,-30.61193875,30.598618,17.23161475,7.11932075,-173.25163475,55.25723025
2015-08-11 13:59:29.708,0.1399345,-0.2681815,0.354565,0.0129175,-0.33802275,0.12515175,4.5549395,-33.444211,15.39809425,-17.910274,107.51477275,-38.114567,-0.026174,0.21438225,0.139098,-0.00170675,0.07766725,0.039877,-29.9778085,30.53941825,17.20581625,7.03207925,-173.32771275,55.433642
2015-08-11 13:59:29.729,0.13734325,-0.300501,0.328244,-0.009532,-0.3988035,0.08254375,4.5390825,-33.34170625,15.11276625,-18.1423735,108.037907,-38.422108,-0.026922,0.211177,0.142798333333333,-0.0334923333333333,0.070654,0.031904,-29.7737573333333,30.6056036666667,17.5268406666667,6.97133833333333,-173.335092666667,55.4823313333333
2015-08-11 13:59:29.749,0.14079825,-0.31219075,0.29650325,0.09591875,-0.35489775,0.0286345,4.76015525,-33.2047615,14.83453325,-18.4560925,108.95157475,-38.9941475,-0.0276695,0.2036345,0.1488935,0.01173875,0.05710175,0.02352525,-29.764556,30.58511075,17.49033325,6.927925,-173.20145675,55.4200095
2015-08-11 13:59:29.768,0.132448,-0.299813333333333,0.27044,0.157107,-0.318704,0.0151706666666667,4.41516866666667,-33.225263,14.7248813333333,-18.72992,109.861470666667,-39.519742,-0.03215625,0.21042275,0.148893,0.0671635,0.038919,0.029094,-29.963017,30.71959175,17.6916455,6.92124675,-173.025009,55.3860885
2015-08-11 13:59:29.791,0.120931,-0.2874355,0.266311,0.26551025,-0.28335025,-0.00939175,4.41499375,-33.19999125,14.829386,-18.9292985,110.67993375,-39.89931175,-0.03178275,0.21438225,0.146934,0.05401725,0.01738125,0.0296225,-30.516727,30.9525415,17.66421875,6.921982,-173.005171,55.45504175
2015-08-11 13:59:29.810,0.096745,-0.29981325,0.275601,0.49595925,-0.303738,-0.0279465,4.767062,-33.351631,15.19166925,-18.87949775,110.87233675,-40.07305375,-0.03290425,0.21551375,0.146934,0.01178525,0.02753175,0.048856,-30.66650225,31.212212,17.895685,6.9056,-173.0199615,55.51901
2015-08-11 13:59:29.829,0.08465175,-0.290874,0.28411675,0.53100775,-0.315497,-0.06719475,4.40400825,-33.053115,15.68529625,-18.665784,110.610708,-39.98291475,-0.033652,0.21155425,0.146281,-5.12499999999996E-05,0.03676425,0.073659,-30.372561,31.2090075,18.042704,6.905134,-172.995052,55.522333
2015-08-11 13:59:29.849,0.06392075,-0.273683,0.279472,0.213434,-0.329776,-0.13355,4.813038,-32.87545025,16.23104425,-18.3452895,109.73119475,-39.89924825,-0.0348986666666667,0.211176666666667,0.138445,-0.02344,0.0485153333333333,0.0902896666666667,-30.2295413333333,31.1854113333333,17.734301,6.90767733333333,-172.99377,55.568419
2015-08-11 13:59:29.870,0.0501,-0.2723075,0.264763,-0.13987525,-0.30335625,-0.20578475,5.2286195,-32.89600175,16.4625215,-17.90928725,108.19891675,-40.213881,-0.04150475,0.207029,0.1351795,-0.05822525,0.09798275,0.11714875,-30.0981875,31.2254685,17.92891525,6.985336,-173.00583325,55.6227325
2015-08-11 13:59:29.890,0.055283,-0.289728,0.250827666666667,-0.185181,-0.238579,-0.218994666666667,5.652267,-32.96499,16.3832403333333,-17.483329,106.733547,-40.8120216666667,-0.056087,0.1900595,0.139098,-0.073717,0.11117825,0.12469225,-30.445501,31.4844565,18.0031985,7.3407085,-172.70682125,55.5164475
2015-08-11 13:59:29.909,0.0667996666666667,-0.273224,0.234312333333333,-0.210328333333333,-0.120478333333333,-0.147421333333333,5.76538466666667,-33.0132283333333,16.5592276666667,-17.2011123333333,105.862723,-41.4393326666667,-0.055339,0.187042666666667,0.133220333333333,-0.0987576666666667,0.137972333333333,0.130257,-30.2938613333333,31.3205763333333,17.6235263333333,7.72640433333333,-172.245245333333,55.3231536666667
2015-08-11 13:59:29.932,0.071695,-0.26130525,0.2245065,-0.36085575,0.0306345,-0.06490375,5.548694,-33.02953725,16.669158,-16.8745795,105.51098975,-42.234345,-0.059826,0.1787465,0.11428225,-0.1599205,0.15919975,0.07062125,-30.05603975,31.14865,17.1986055,8.23846275,-172.0862645,55.3019175
2015-08-11 13:59:29.952,0.08033275,-0.25717925,0.213668,-0.62138975,0.2131305,0.078802,6.08170775,-33.5313445,16.25343125,-16.37241825,105.1830145,-43.423125,-0.061322,0.172712333333333,0.111452333333333,-0.186722,0.182565666666667,0.0140906666666667,-30.0481726666667,31.003376,17.0244056666667,8.86041966666667,-171.982041333333,55.2837516666667
2015-08-11 13:59:29.973,0.10279125,-0.242739,0.1997335,-0.819921,0.427926,0.29611725,5.9929555,-33.99323075,15.9453195,-15.962891,105.89138875,-44.7882845,-0.062818,0.1683382,0.1170248,-0.0811036,0.2506772,-0.0454888,-30.2073212,31.0497082,17.0588586,9.6608174,-171.6188628,55.2054812
2015-08-11 13:59:29.994,0.12352225,-0.22898575,0.168767,-0.98722175,0.638751,0.592387,5.32891225,-34.05033875,15.51737425,-15.62941325,107.83531875,-46.28378475,-0.06207,0.1600795,0.122119,0.034564,0.30015725,-0.15944575,-29.78141025,31.07855325,17.06099225,10.62660125,-170.90411875,55.08936525
2015-08-11 13:59:30.014,0.1399345,-0.234487,0.16179925,-0.92117175,0.812313,0.97700325,4.52210725,-34.7894125,15.02567575,-15.27434325,110.84205175,-47.76829325,-0.0602,0.16347375,0.11297625,0.006235,0.35490575,-0.27764825,-30.00212325,30.958889,16.490528,11.5424385,-170.2473005,55.00057975
2015-08-11 13:59:30.033,0.1312965,-0.235175,0.1857985,-0.747228,0.9403655,1.39330775,4.1095035,-35.629697,14.12877725,-14.281848,113.260461,-48.97288175,-0.056835,0.170827,0.097956,-0.0588985,0.429508,-0.44510175,-30.9115475,30.8611155,16.6007795,12.5264545,-170.486518,55.29904725
2015-08-11 13:59:30.053,0.124386,-0.242968333333333,0.2147,-0.786272333333333,1.00208833333333,1.76764066666667,2.704357,-36.3068263333333,13.8452483333333,-12.9083573333333,114.724041666667,-49.7873183333333,-0.056835,0.173466666666667,0.094038,-0.0421506666666667,0.526177333333333,-0.553199333333333,-31.153134,30.7226276666667,16.547593,13.4331386666667,-170.939016666667,55.6728573333333
2015-08-11 13:59:30.073,0.12352225,-0.232424,0.23611875,-1.27081575,1.052612,2.0948865,1.53483475,-37.01167475,13.540546,-11.07946825,115.94016275,-50.740887,-0.057957,0.17931175,0.09665,0.005777,0.59856475,-0.667991,-31.40627975,30.43762175,16.31143925,14.462264,-171.4275885,56.11315025
2015-08-11 13:59:30.094,0.127841,-0.224172,0.207475,-2.052418,1.076741,2.47446275,-0.1094735,-38.48371125,12.383665,-8.9811735,117.4535005,-52.396471,-0.06057425,0.1844025,0.1025275,0.09305425,0.66713425,-0.78573575,-31.9170265,29.9211835,15.83383425,15.6522245,-171.8593385,56.61628475
2015-08-11 13:59:30.113,0.1226585,-0.261305,0.1563805,-2.37862,1.00656775,2.845869,-2.62631175,-39.64886175,10.67568775,-6.7836695,120.1401995,-55.1679485,-0.0590785,0.1798775,0.101874,0.20530075,0.68981275,-0.9040145,-32.80141925,29.716918,15.2427005,16.9370105,-172.13626825,57.147081
2015-08-11 13:59:30.133,0.0944413333333333,-0.307148,0.178573333333333,-2.08466666666667,0.852935333333333,3.16866033333333,-4.58378266666667,-40.4818243333333,8.75563366666667,-4.43353666666667,122.679031333333,-57.7378486666667,-0.0598265,0.18214,0.099262,0.318387,0.718829,-1.01397025,-33.84342175,29.4528695,14.801713,18.24679275,-172.4183275,57.79188025
2015-08-11 13:59:30.153,0.053555,-0.3493235,0.2399895,-1.8152495,0.67280675,3.34632025,-7.474927,-40.965645,6.782933,-1.44157925,124.1665825,-59.6387855,-0.0628175,0.1911905,0.099262,0.413682,0.7202035,-1.1256055,-34.81055225,29.04925475,14.165222,19.54758625,-172.76489825,58.5613845
2015-08-11 13:59:30.175,0.020731,-0.3905825,0.2523765,-1.619696,0.3990625,3.43710975,-10.81761925,-40.9539385,4.5439415,2.0957445,125.58755575,-61.33917975,-0.065809,0.193076,0.103616,0.532063,0.711676333333333,-1.21364666666667,-35.2066723333333,28.4399306666667,13.5743286666667,20.791071,-173.077376,59.3109243333333
2015-08-11 13:59:30.194,0.0414625,-0.3864565,0.207475,-1.28379675,0.23962675,3.54920375,-14.28318725,-40.742364,2.27919325,5.497054,127.68748025,-62.7911995,-0.065435,0.194584,0.106446,0.70873025,0.71119325,-1.2894705,-35.36296175,27.69286175,13.05829775,21.98166025,-173.31254975,60.1082655
2015-08-11 13:59:30.215,0.0564346666666667,-0.329152666666667,0.148638333333333,-1.166536,0.264163333333333,3.61571166666667,-16.920427,-40.4288063333333,0.436850666666667,7.955142,130.058417666667,-63.810785,-0.064313,0.1911905,0.1031805,0.89863275,0.7140185,-1.3861395,-36.2532595,27.21375975,12.4522165,23.28513725,-173.54530525,61.12461625
2015-08-11 13:59:30.234,0.007115,-0.3190675,0.148639,-1.558686,0.25741825,3.502091,-19.5716135,-39.9115285,-0.6534985,10.57756825,132.18282075,-65.0429795,-0.0638146666666667,0.187797,0.0957793333333333,1.002327,0.705568,-1.460131,-36.9813513333333,26.546424,11.318822,24.5216063333333,-173.762631,62.2002513333333
2015-08-11 13:59:30.254,-0.0507745,-0.4235895,0.2012815,-1.8310555,0.01001775,3.203607,-22.470923,-38.6703815,-2.17787375,13.643123,133.98687475,-66.77860575,-0.064687,0.19345325,0.094038,0.95047975,0.66041475,-1.53725225,-37.8668175,25.84866625,10.697911,25.67837375,-174.03690125,63.2570765
2015-08-11 13:59:30.274,-0.0530976666666667,-0.484102,0.208507333333333,-1.210824,-0.213533333333333,3.12213266666667,-24.7054406666667,-37.0292906666667,-4.03507733333333,16.0588546666667,135.652625,-67.8543713333333,-0.065061,0.194584,0.09665,0.68040125,0.58588925,-1.6908085,-38.16990175,24.80511825,9.973242,26.959318,-174.43398125,64.0908975
2015-08-11 13:59:30.295,-0.02488925,-0.40777375,0.1385745,-0.62704025,-0.1200965,3.038368,-26.57898675,-35.417549,-5.245516,18.1299175,137.66563525,-68.3153435,-0.0725395,0.194584,0.097956,0.32304525,0.52434475,-1.80168075,-39.23570925,23.78801,9.2190365,28.34440125,-174.8832955,64.38776975
2015-08-11 13:59:30.315,-0.030863,-0.331445,0.083609,-0.51074675,0.0602615,2.8489995,-29.2234505,-33.42447075,-6.1022715,20.16581,139.9595,-68.877827,-0.080018,0.1923215,0.094038,0.07648425,0.45218625,-1.88468225,-40.18543325,22.73579725,8.39922125,29.8571695,-175.3838765,64.2644115
2015-08-11 13:59:30.335,-0.0564163333333333,-0.318150666666667,0.102189333333333,-0.765605,0.119999333333333,2.617151,-31.243915,-31.6859346666667,-6.76961833333333,21.8447213333333,141.563698,-69.463871,-0.082261,0.187797,0.09012,-0.0181235,0.3922455,-1.9028555,-40.666622,21.584031,7.685129,31.007913,-175.8486365,64.0382725
2015-08-11 13:59:30.355,-0.0846245,-0.345198,0.15483225,-0.9402615,0.03292525,2.36160525,-33.010828,-29.54979025,-7.3327095,23.61421075,142.7751805,-69.8830225,-0.077475,0.1733162,0.0814996,0.0359994,0.3618546,-1.9189516,-41.295095,20.2692636,7.5360338,32.2752884,-176.4757232,63.7920066
2015-08-11 13:59:30.375,-0.088607,-0.349324,0.1765085,-1.181935,-0.0206015,2.156431,-34.41142575,-27.40530025,-8.23322075,25.242648,144.03924,-70.25602425,-0.074783,0.1538575,0.0692225,0.19965025,0.409731,-1.924159,-42.20232575,18.65382025,7.55135325,33.89768675,-177.342928,63.6446435
2015-08-11 13:59:30.395,-0.0826335,-0.3300695,0.126962,-1.380008,0.03338325,2.1191685,-36.3066915,-25.31670125,-9.42809575,26.6531995,145.32277225,-71.065837,-0.0807655,0.1515945,0.067916,0.36038425,0.40988375,-1.9080475,-42.49745925,17.35639275,7.19982875,35.39292425,-178.13399075,63.8068775
2015-08-11 13:59:30.414,-0.0849566666666667,-0.286060333333333,0.0908346666666667,-1.66938,0.098517,2.05851466666667,-37.553627,-23.5019243333333,-10.3560066666667,27.85432,146.408037333333,-72.2964073333333,-0.08600025,0.15781725,0.073141,0.50210475,0.4201155,-1.89934275,-42.72756475,15.72154175,6.62730775,36.9372035,-178.851693,64.057023
2015-08-11 13:59:30.434,-0.1075225,-0.270932,0.082061,-2.08135775,0.09569175,1.90803825,-38.09133175,-21.67708625,-11.194066,29.356726,147.254186,-74.142337,-0.0892406666666667,0.14179,0.078365,0.641305666666667,0.385576666666667,-1.90718233333333,-42.9866333333333,14.3495313333333,6.10418133333333,38.250142,-179.406511666667,64.2256166666667
2015-08-11 13:59:30.455,-0.12843,-0.2860605,0.071223,-2.29584775,0.017272,1.7771605,-40.0073625,-19.32320125,-12.28753075,30.84942525,148.087384,-76.47603175,-0.089739,0.123312,0.075753,0.75423925,0.33856525,-1.91835575,-43.52456175,13.3182715,5.7036945,39.542738,-89.83574,64.18118875
2015-08-11 13:59:30.474,-0.152324,-0.3259435,0.082061,-1.92741975,-0.19614925,1.66285225,-40.52513225,-16.6756725,-13.5070935,32.21256025,148.998183,-78.50823325,-0.090487,0.0905045,0.0685695,0.89267675,0.316345,-1.971196,-44.13501275,11.98997325,5.4703125,41.5385185,179.645385,63.8642615
2015-08-11 13:59:30.494,-0.141372666666667,-0.347489666666667,0.078448,-1.12682966666667,-0.299767,1.62642933333333,-40.9831606666667,-14.798476,-14.3094806666667,33.22149,150.005256666667,-79.4541903333333,-0.099461,0.0724035,0.0574675,1.09838575,0.2944305,-1.98608575,-44.05024625,10.423105,4.86788175,43.875432,179.2730065,63.4735525
2015-08-11 13:59:30.514,-0.128098,-0.294312,0.0547076666666667,-0.708285,-0.225547,1.67753833333333,-40.909031,-13.403111,-15.0477116666667,33.9397486666667,150.767214,-79.7947096666667,-0.113171666666667,0.0618446666666667,0.054855,1.552004,0.268493666666667,-1.946481,-44.1105323333333,9.079918,4.481496,46.253645,178.963746666667,63.294589
2015-08-11 13:59:30.534,-0.13091925,-0.2606175,0.04644975,-0.62360425,-0.12620525,1.73363625,-41.80640225,-11.54437025,-15.450615,35.11808,151.48687125,-80.11152475,-0.1248875,0.055434,0.0444065,2.1837405,0.241514,-1.86849425,-44.42934525,7.8880025,4.30557825,48.8444895,178.70738175,63.65799975
2015-08-11 13:59:30.554,-0.1346026,-0.2200464,0.0464496,-0.6702284,0.0628422,1.9041896,-42.4853226,-8.7955252,-15.8435682,36.9363224,152.1392374,-80.5628586,-0.145079,0.055434,0.0417945,2.7965145,0.074977,-1.7538805,-44.74975475,6.782086,4.15846275,51.8607095,178.0473565,64.9878855
2015-08-11 13:59:30.574,-0.158629,-0.188873,0.0505786666666667,-0.671124333333333,0.210203666666667,2.05047133333333,-43.041612,-6.736754,-16.0526956666667,39.1462923333333,152.393086333333,-80.8453106666667,-0.154053,0.0656155,0.0391825,3.0629285,-0.1675365,-1.671719,-44.7549295,5.72332925,4.02985175,54.5324065,176.86545025,66.6214075
2015-08-11 13:59:30.595,-0.1871695,-0.174662,0.072771,-0.77914575,0.262687,2.09649,-43.2068045,-4.800456,-16.495658,41.62111075,152.4294855,-80.83881325,-0.151061,0.102571666666667,0.0130603333333333,2.633541,-0.285968333333333,-1.62506433333333,-44.4908763333333,4.73615933333333,4.07654166666667,56.3116006666667,175.091949666667,68.6624936666667
2015-08-11 13:59:30.617,-0.219692,-0.188873333333333,0.085674,-0.967699333333333,0.237590666666667,2.06950966666667,-43.0997023333333,-2.78204066666667,-16.8794963333333,44.1007066666667,152.553773333333,-80.628031,-0.1577915,0.1176555,-0.010394,2.03545275,-0.3295685,-1.62758425,-44.68270375,4.102377,4.30744975,57.496691,173.1947765,71.19434025
2015-08-11 13:59:30.639,-0.2512848,-0.2128952,0.0582168,-1.1883032,0.2238054,2.0174438,-43.7253632,0.0214316,-17.4712836,46.8258296,152.7130142,-81.1802818,-0.1678128,0.1040798,-0.0291024,1.4375688,-0.2278748,-1.5293416,-44.3812478,3.2139892,4.6013182,59.163249,170.981527,74.5874498
2015-08-11 13:59:30.658,-0.2792605,-0.255804,0.0278695,-0.5281565,0.17036975,1.86970625,-43.64245425,2.84886875,-17.829487,49.43129125,152.83571775,-82.119093,-0.180227,0.10577675,-0.0222725,0.7805065,-0.127143,-1.41882125,-44.02479075,2.2649425,4.86078525,60.76655025,169.38666275,77.5227785
2015-08-11 13:59:30.679,-0.28324275,-0.2413635,0.0363855,0.11508475,0.177624,1.47585075,-43.87589925,4.93606425,-18.29658625,51.2804565,152.91119475,-82.27268175,-0.188452666666667,0.0874876666666667,0.013061,0.309708,-0.0526176666666667,-1.22107866666667,-43.999784,1.39432233333333,4.88611566666667,62.220808,168.347005666667,78.1541026666667
2015-08-11 13:59:30.699,-0.277435333333333,-0.178787666666667,0.0877383333333333,0.349835,0.141888333333333,1.024014,-43.891183,6.286679,-18.4712983333333,52.6165146666667,153.153787,-81.271565,-0.19069625,0.07296925,0.01306075,-0.00277525,-0.05979525,-0.88736825,-43.857444,0.6025845,5.138564,63.53258075,167.39450825,77.81111
2015-08-11 13:59:30.719,-0.256860333333333,-0.129277333333333,0.114576,0.571579,0.103505333333333,0.512414666666667,-44.0649666666667,7.43364966666667,-18.524504,53.5172733333333,153.778353333333,-79.184553,-0.184464333333333,0.030922,-0.00506866666666667,-0.0201593333333333,-0.0798013333333333,-0.483459,-43.7936313333333,-0.0526706666666667,5.362022,64.928634,165.870019333333,78.300289
2015-08-11 13:59:30.739,-0.219426,-0.079767,0.125104,0.9686622,0.0689512,0.1681106,-44.0367072,8.4133928,-18.7043186,54.2881358,155.0524634,-75.1144956,-0.174493333333333,-0.0130026666666667,-0.0138583333333333,0.158315,-0.103014,-0.102177333333333,-43.653722,-0.352477,5.24862433333333,66.1096493333333,163.729693,81.5271983333333
2015-08-11 13:59:30.759,-0.20956975,-0.068077,0.09599575,0.84728325,-0.03869875,0.14691375,-43.98644275,8.50902325,-18.8535515,55.1261905,156.6089225,-70.43330525,-0.160284666666667,0.00283066666666667,0.0159296666666667,0.284000666666667,-0.129790166666667,0.203255166666667,-43.5649558333333,-0.550098333333333,5.1431815,67.5587693333333,160.345814666667,84.9848041666667
2015-08-11 13:59:30.779,-0.197125,-0.0550115,0.0495465,0.40585675,-0.06343875,-0.00305375,-43.9049455,8.191424,-18.83137925,56.15626825,157.24529475,-67.93977725,-0.145079,0.002263,0.03657,-0.077988,-0.087895,0.235173,-43.8069685,-0.5027125,5.1691555,68.028329,160.4651175,81.512106
2015-08-11 13:59:30.799,-0.196461333333333,-0.0880183333333333,0.029934,0.194471666666667,-0.05705,-0.126245,-44.206605,8.05661033333333,-18.627023,56.809302,157.271189333333,-67.3390536666667,-0.145079,-0.027451,0.040053,-0.247605,-0.054552,0.218934,-43.9356256666667,-0.366481333333333,5.430364,67.494142,162.039954333333,76.1050026666667
2015-08-11 13:59:30.820,-0.1941385,-0.11002325,0.01470925,0.21366325,-0.0201435,-0.2344955,-44.11097525,7.731202,-18.55797575,56.95039825,156.8538225,-67.95412075,-0.142835166666667,-0.0332303333333333,0.0365701666666667,-0.507731666666667,-0.0183073333333333,0.110963666666667,-43.6514318333333,-0.196015666666667,5.75544683333333,66.3430321666667,165.218772166667,65.6564728333333
2015-08-11 13:59:30.840,-0.191152,-0.121026,0.012387,0.303308,-0.002276,-0.248316,-44.295719,7.799763,-18.532484,56.861899,156.454608,-68.616811,-0.1465745,-0.07260075,0.031346,-0.634028,0.027253,0.0284715,-43.94034775,-0.35363825,5.560062,65.04723975,167.9266725,52.80746175
2015-08-11 13:59:30.860,-0.185841666666667,-0.126526833333333,0.0149671666666667,0.545922833333333,0.054382,-0.209424333333333,-44.1823355,7.463146,-18.8771871666667,56.566662,155.855864666667,-69.4166583333333,-0.154053,-0.06935,0.031346,-0.362142,0.013356,0.088311,-43.5909513333333,-0.379435,5.452913,63.907052,168.701597,43.191507
2015-08-11 13:59:30.881,-0.19015625,-0.0887065,0.03716,0.59117775,0.07286075,-0.13385525,-43.71230775,6.739966,-18.87776475,56.66799275,155.25366925,-69.330887,-0.150463,-0.0329412,0.0271664,-0.1714506,0.0054756,0.099836,-43.7484808,-0.254066,5.3774354,63.4697418,171.8370794,35.8542026
2015-08-11 13:59:30.901,-0.18965875,-0.06876475,0.05109475,0.31071425,0.033536,-0.09330925,-43.72218975,6.67711125,-18.58015875,57.24429375,155.24884725,-68.2071535,-0.146574,-0.01191975,0.016326,-0.155797,0.00846925,0.09055075,-43.748069,-0.20456325,5.31485525,63.45442275,171.6183895,34.60285925
2015-08-11 13:59:30.921,-0.188497,-0.0705986666666667,0.0619326666666667,0.0901043333333333,-0.00533,-0.0472346666666667,-43.9199753333333,6.43675333333333,-18.6983523333333,57.7358713333333,155.547759333333,-67.045451,-0.146574,0.00150866666666667,0.00957766666666667,-0.197208666666667,-0.0120966666666667,0.047281,-43.8326783333333,-0.314490666666667,5.352279,64.0909046666667,165.524903666667,39.5446336666667
