2015-08-11 13:52:08.359,-0.081638,-0.214545,0.266311,0.004531,-0.011684,0.019227,-12.19857,-31.880102,5.635453,13.342121,106.093656,-38.697789,null,null,null,null,null,null,null,null,null,null,null,null
2015-08-11 13:52:08.380,-0.081638,-0.215462,0.27044,-0.00157766666666667,0.00715,0.00660133333333333,-12.1040933333333,-31.713593,5.844808,13.3477706666667,106.109343,-38.6932763333333,-0.097218,0.144807,0.101874,0.00992533333333333,-0.004508,-0.007164,-42.7360903333333,18.4076773333333,-2.24852766666667,28.35911,-157.944195333333,54.6031276666667
2015-08-11 13:52:08.399,-0.081638,-0.218396,0.2737428,0.0063632,-0.0047822,0.0031596,-12.7567836,-31.3493396,6.1272232,13.3368372,106.2425734,-38.680189,-0.09647,0.14707,0.104487,0.0051645,-0.00315875,-0.001971,-43.330572,18.72879575,-2.01866175,28.354927,-157.9746975,54.61280175
2015-08-11 13:52:08.419,-0.0829653333333333,-0.216379,0.27044,0.00972066666666667,-0.00679666666666667,0.002935,-11.9857356666667,-31.3865216666667,6.28647466666667,13.3302796666667,106.337683,-38.66381,-0.096844,0.14707,0.104487,0.003865,-0.00491375,0.00047225,-43.6732855,18.64580125,-2.12693025,28.3419255,-158.0203095,54.61569775
2015-08-11 13:52:08.440,-0.0826335,-0.218671,0.275601,0.0470545,-0.01313225,-0.006584,-12.209781,-31.38239925,6.3968115,13.312856,106.339456,-38.6214675,-0.097218,0.1459385,0.104487,-0.00369375,-2.62499999999998E-05,-0.0019715,-43.45765575,18.51032525,-2.2198625,28.3414195,-158.05193325,54.60078075
2015-08-11 13:52:08.460,-0.092589,-0.225548,0.294181,0.08476175,-0.0435955,-0.028419,-13.07743125,-31.28019075,6.3720485,13.3078665,106.45797175,-38.48715975,-0.097218,0.1476355,0.10514,-0.01071725,0.0053175,-0.007926,-43.4602165,18.6672735,-2.32063875,28.350276,-158.06602725,54.5853385
2015-08-11 13:52:08.479,-0.103540333333333,-0.228298333333333,0.314825,0.115268333333333,-0.146873333333333,-0.0466393333333333,-13.802433,-31.1126576666667,6.74215933333333,13.277377,106.641284666667,-38.2166796666667,-0.097218,0.147824,0.107099,-0.0188846666666667,-0.00583033333333333,-0.005634,-43.8456713333333,18.9097396666667,-2.426901,28.3321596666667,-158.069943333333,54.5473
2015-08-11 13:52:08.500,-0.104536,-0.22417225,0.305793,-0.0152785,-0.24135325,-0.07018325,-14.03689425,-30.923225,6.824305,13.206975,106.88731075,-38.02252575,-0.098713,0.144807,0.104487,-0.0177355,-0.00804325,-0.0104425,-43.77033425,18.84597025,-2.31660525,28.3638155,-158.06074425,54.490444
2015-08-11 13:52:08.519,-0.090598,-0.21317,0.247731,-0.270773,-0.2518145,-0.06018025,-14.0368645,-30.7506075,7.25968125,13.09239475,107.2097945,-38.26989825,-0.0979655,0.14650425,0.104487,-0.010708,-0.02231875,-0.0037985,-43.83005525,18.68690825,-2.052852,28.38372025,-158.09683475,54.455027
2015-08-11 13:52:08.539,-0.0776555,-0.222797,0.26940775,-0.181892,-0.2760965,-0.0406325,-14.303666,-30.478295,7.365202,12.89617775,107.76499675,-38.71347125,-0.095722,0.14650425,0.10383375,-0.0007035,-0.012312,-0.001278,-43.897355,18.9442835,-2.042433,28.3653385,-158.1504415,54.4495815
2015-08-11 13:52:08.560,-0.0683633333333333,-0.224631,0.294180333333333,0.160778,-0.273831,-0.0694446666666667,-14.1149323333333,-30.477644,7.25768266666667,12.4868016666667,108.452031666667,-38.6082953333333,-0.094226,0.146315666666667,0.101874,0.000263,-0.006431,0.010251,-44.1303,18.9838003333333,-1.866127,28.325083,-158.195796333333,54.484297
2015-08-11 13:52:08.581,-0.071682,-0.246177,0.309664,0.66232375,-0.31702425,-0.0534605,-14.0258395,-30.68056175,7.45917275,12.0683235,109.08746475,-38.04567775,-0.094974,0.1459385,0.1031805,0.0118935,-0.00329975,0.00414125,-44.01278775,18.86376375,-1.962445,28.28660825,-158.247871,54.5189145
2015-08-11 13:52:08.602,-0.0607305,-0.2337995,0.3019225,0.97661375,-0.33031075,-0.0879745,-14.216538,-30.20272825,7.62355375,11.51218825,109.855238,-36.90140225,-0.096096,0.14706975,0.10383375,0.008608,-0.0052075,-0.00135675,-43.838869,18.69195325,-2.41964625,28.27013775,-158.26465975,54.546924
2015-08-11 13:52:08.621,-0.0467925,-0.2186715,0.2833425,0.92262875,-0.23020525,-0.1053075,-13.71377125,-29.20565775,8.42050625,10.89535725,110.736204,-35.872637,-0.09647,0.14820125,0.1031805,0.0073085,0.01143775,0.000782,-43.671335,18.96862425,-2.39730425,28.25595325,-158.26754525,54.59747925
2015-08-11 13:52:08.641,-0.0491153333333333,-0.194374333333333,0.293148333333333,0.909902,-0.154305333333333,-0.106504,-14.15517,-29.1165916666667,8.78790533333333,10.454327,111.33115,-34.8263,-0.097218,0.1459385,0.104487,0.0136435,0.015023,0.01009575,-43.53882675,19.1760035,-2.28749025,28.26256875,-158.19405575,54.631577
2015-08-11 13:52:08.661,-0.05177,-0.198042,0.3127605,1.01464,-0.1002435,-0.11630325,-14.03598775,-28.674159,9.13872875,10.13603625,111.847454,-33.70016775,-0.096844,0.144807,0.106446,0.011579,0.01845575,0.012384,-43.87048325,18.88590625,-2.45635725,28.274099,-158.12433675,54.60433825
2015-08-11 13:52:08.681,-0.0457965,-0.199417,0.305019,1.01586175,-0.00983525,-0.14890825,-14.3487705,-28.2607975,9.30570425,9.79853125,112.38233775,-32.40039825,-0.0962206666666667,0.145561333333333,0.107099,-0.00809633333333333,0.0182996666666667,0.0133996666666667,-44.381316,18.9028043333333,-2.595226,28.269745,-158.076063,54.548544
2015-08-11 13:52:08.701,-0.0484516666666667,-0.205377,0.294181,0.970887,0.065912,-0.184796666666667,-14.3643636666667,-27.690772,9.60108933333333,9.555595,112.897883666667,-31.5191006666667,-0.096844,0.1476355,0.106446,-0.02270225,0.00401925,0.00650075,-44.6231545,19.28649575,-2.1346955,28.24530225,-158.066413,54.4935365
2015-08-11 13:52:08.722,-0.049779,-0.1939155,0.2895355,1.014258,0.15318925,-0.19625025,-14.79256075,-27.3846955,10.43234825,9.43523225,113.37762275,-30.70470875,-0.097218,0.1476355,0.10252725,-0.00979425,0.00852325,0.01436325,-44.4791815,19.26024575,-2.0714665,28.23805025,-158.07707475,54.5165295
2015-08-11 13:52:08.743,-0.054757,-0.1815385,0.2833425,1.03395875,0.25444025,-0.281466,-14.6992315,-27.029956,10.95414425,9.449781,113.71879225,-29.74053475,-0.097218,0.14707,0.101874,0.00234675,0.01218575,0.01649775,-44.001548,18.92130825,-2.12604175,28.25197,-158.091801,54.58795525
2015-08-11 13:52:08.764,-0.0676995,-0.19047775,0.29572925,1.01716,0.35950925,-0.39012375,-14.4600875,-26.82841575,11.33918625,9.61159475,113.7873795,-28.86047175,-0.097218,0.148201,0.104487,-0.005594,0.0056175,0.0122185,-43.685257,18.7937765,-2.34209625,28.24976525,-158.08357725,54.622885
2015-08-11 13:52:08.786,-0.08263325,-0.20698125,0.32901775,0.93835875,0.354851,-0.58193525,-14.2903065,-26.5728755,11.5539555,9.863307,113.47507425,-28.1190995,-0.097218,0.1493325,0.104487,-0.012311,-0.0067525,0.004352,-43.839319,18.8515405,-2.174406,28.2251385,-158.108931,54.64753
2015-08-11 13:52:08.807,-0.0940825,-0.2179835,0.3568875,0.7951105,0.253982,-0.67493925,-13.726059,-26.131985,11.76180325,9.99371775,112.97994175,-27.5827415,-0.097218,0.1476355,0.1031805,-0.00887325,-0.0079725,-0.00061125,-43.89086625,18.8573175,-1.79687025,28.2242785,-158.1593755,54.64701025
2015-08-11 13:52:08.828,-0.0871135,-0.2049185,0.34217875,0.588027,0.13547425,-0.738546,-13.42228975,-25.51030825,12.198887,9.98435525,112.39038875,-27.1779515,-0.097218,0.14650425,0.101874,0.00403175,-0.01346775,0.00221325,-43.74572275,18.797453,-2.22418575,28.23649,-158.2101475,54.68671725
2015-08-11 13:52:08.848,-0.074171,-0.199417,0.3274695,0.39209225,0.089125,-0.74205825,-13.39431375,-25.23409175,12.36844125,9.786732,112.1086965,-27.12755425,-0.096844,0.14706975,0.10252725,0.01197075,-0.02277975,0.00870275,-43.573554,18.7664005,-1.9718155,28.24528475,-158.2409175,54.724763
2015-08-11 13:52:08.868,-0.0696906666666667,-0.184288666666667,0.306567333333333,0.121275,0.0431063333333333,-0.75565,-13.2841716666667,-24.875839,12.3178233333333,9.538662,111.877317,-27.2917853333333,-0.095722,0.147824,0.102745,0.000974,-0.0352456666666667,0.00697033333333333,-43.4606566666667,18.7299626666667,-1.989759,28.2034523333333,-158.300097666667,54.7470683333333
2015-08-11 13:52:08.889,-0.06222375,-0.178788,0.29185825,-0.21854425,0.01750075,-0.78313925,-13.128008,-24.804396,12.18977625,9.238664,111.73851925,-27.771469,-0.095722,0.14707,0.101874,0.0060135,-0.03277075,0.0061805,-43.85108925,18.94358825,-1.5169995,28.1756205,-158.37831725,54.772717
2015-08-11 13:52:08.910,-0.05027675,-0.17534975,0.23999,-0.54680775,0.0662935,-0.7627515,-12.817172,-25.001072,12.3023035,8.8660545,111.72342425,-28.9333535,-0.095722,0.14650425,0.10252725,0.00356825,-0.034596,0.000682,-43.52343275,18.8933805,-1.95974275,28.14604625,-158.4553855,54.80094
2015-08-11 13:52:08.930,-0.062722,-0.156783,0.2446345,-0.50847575,0.11294875,-0.591404,-13.05333625,-24.93514775,11.43436,8.69714425,111.76512925,-30.166835,-0.09647,0.14706975,0.104487,0.0137985,-0.0401625,0.0044995,-43.5618275,18.815512,-2.17217275,28.1224405,-158.473332,54.77466875
2015-08-11 13:52:08.951,-0.0706865,-0.1141495,0.2786975,-0.87140625,0.01337725,-0.539022,-12.5516755,-24.93724025,10.5828305,8.78922075,111.29393175,-30.6782625,-0.09721775,0.1476355,0.10514,0.0101305,-0.0508425,0.00503275,-43.36157625,18.91011425,-2.09415675,28.081346,-158.498925,54.7669155
2015-08-11 13:52:08.971,-0.077158,-0.19185325,0.30889,-0.71731525,-0.04121875,-0.3692015,-12.61970275,-24.99666475,9.9491065,8.7546645,111.11325975,-31.5522575,-0.09759175,0.1459385,0.105793,0.0183745,-0.05503075,0.00716975,-43.65386,19.02492225,-2.080225,28.06976325,-158.51069625,54.70619175
2015-08-11 13:52:08.990,-0.0849563333333333,-0.163201,0.315857,-0.889503333333333,-0.176805333333333,-0.270928666666667,-12.5913653333333,-25.1657543333333,9.577774,8.77301433333333,111.121511,-32.2609186666667,-0.097218,0.150840666666667,0.105357666666667,0.0172513333333333,-0.0596273333333333,0.00757566666666667,-43.8437626666667,19.1447206666667,-2.40308833333333,28.027244,-158.525266666667,54.7050456666667
2015-08-11 13:52:09.010,-0.0696905,-0.1567835,0.3019225,-1.36048025,-0.25425775,-0.21449975,-12.82837025,-25.4480535,9.29424275,8.6779765,111.23510675,-33.19523425,-0.095348,0.1476355,0.10514,0.01623,-0.05218475,0.0038835,-43.916376,19.029329,-2.0719435,27.9716945,-158.55160925,54.6914225
2015-08-11 13:52:09.030,-0.0676995,-0.16778525,0.2841165,-1.70913125,-0.2712095,-0.07522275,-13.250487,-25.7226725,8.418165,8.55135275,111.67557025,-34.728721,-0.094226,0.1476355,0.10383375,0.0089735,-0.04011075,0.003959,-43.94944275,19.13946425,-1.76651925,27.91240975,-158.61064925,54.6812225
2015-08-11 13:52:09.050,-0.07865075,-0.19597875,0.27637525,-1.5788645,-0.37429275,0.04099475,-12.81090775,-26.34857325,7.31880475,8.5824975,112.133379,-36.49005425,-0.0946,0.148201,0.10579275,0.0087425,-0.02857375,0.003882,-43.54269525,18.98976775,-1.5956495,27.85624075,-158.670967,54.6891785
2015-08-11 13:52:09.070,-0.0750003333333333,-0.220963333333333,0.273536333333333,-1.37300333333333,-0.426853,0.121247,-11.7691153333333,-26.8299773333333,6.490409,8.55451833333333,112.547427,-38.078051,-0.095348,0.149332,0.107099,-0.00095525,-0.02146775,0.00640075,-43.44503425,19.08724575,-1.6521415,27.80195125,-158.6969695,54.64978825
2015-08-11 13:52:09.091,-0.071682,-0.2090445,0.26476275,-1.54404525,-0.4507275,0.12307925,-11.81445,-27.11764825,5.967421,8.51166975,112.90751975,-39.57515175,-0.0962206666666667,0.14707,0.106228333333333,0.005127,-0.0163226666666667,0.002175,-43.0360376666667,18.9811523333333,-1.95856266666667,27.7782466666667,-158.679647,54.6120526666667
2015-08-11 13:52:09.112,-0.067202,-0.2124825,0.25160175,-1.99860525,-0.4366015,0.1072735,-11.8456655,-27.60329325,5.11608725,8.4572805,113.28779725,-41.596139,-0.0966196,0.1488796,0.104487,0.016222,-0.0044494,0.010888,-43.170289,18.9882314,-1.5156424,27.7873126,-158.658721,54.6387094
2015-08-11 13:52:09.132,-0.06919325,-0.2585545,0.250828,-1.9933365,-0.476995,0.1013175,-11.89251775,-27.95906525,3.81599525,8.3573315,113.69948175,-44.021193,-0.095722,0.150086333333333,0.105357666666667,0.0173376666666667,-0.002271,0.00756733333333333,-43.3034843333333,19.11714,-1.65017366666667,27.7729366666667,-158.669169333333,54.6904073333333
2015-08-11 13:52:09.152,-0.0670356666666667,-0.286977333333333,0.244634666666667,-1.64972466666667,-0.493844666666667,0.140591,-12.2267203333333,-28.354152,2.59253833333333,8.222485,114.273814333333,-46.1263356666667,-0.095722,0.1487665,0.105793,0.0226285,-0.00160825,0.00280675,-43.64100275,19.08207375,-1.97462225,27.75325325,-158.65488525,54.70271075
2015-08-11 13:52:09.172,-0.059735,-0.2764335,0.2283775,-1.47242125,-0.488143,0.12758475,-13.07630325,-28.5662965,1.82918175,8.06708075,114.98899375,-47.9357985,-0.094226,0.149332,0.104487,0.0215046666666667,0.007503,0.00298433333333333,-43.710967,19.331694,-2.05943466666667,27.7388893333333,-158.630879333333,54.741595
2015-08-11 13:52:09.193,-0.05674825,-0.27368275,0.23844125,-1.45195725,-0.5157085,0.0761195,-13.60912575,-28.755171,1.01701925,7.848191,115.80515375,-49.7003555,-0.094226,0.149332,0.104487,0.01413,0.0159504,0.0053252,-43.3745208,19.3038304,-1.9063394,27.7130408,-158.5870586,54.7901252
2015-08-11 13:52:09.214,-0.0507745,-0.2798715,0.25547275,-1.51732,-0.532965,0.09872125,-13.085113,-29.4495575,0.4662715,7.55716775,116.5053745,-51.19663925,-0.094974,0.148201,0.10514,-0.00364725,0.029918,0.006698,-43.49558625,19.1738105,-2.3714415,27.7031265,-158.5057105,54.81315
2015-08-11 13:52:09.234,-0.04828575,-0.27162,0.241538,-1.7500595,-0.549993,0.10712075,-13.17102,-29.66459275,-0.68832275,7.26503725,117.106991,-52.785558,-0.09647,0.1487665,0.105793,-0.01723625,0.0318205,0.00501675,-43.53414825,18.982049,-2.612252,27.7282735,-158.405986,54.80939175
2015-08-11 13:52:09.254,-0.042478,-0.271390666666667,0.217797,-1.92074533333333,-0.549331333333333,0.090602,-13.396318,-29.8701163333333,-1.367694,7.001436,117.662949666667,-54.475599,-0.095722,0.14707,0.107099,-0.0146373333333333,0.0355813333333333,0.00990266666666667,-43.6791636666667,19.0474656666667,-2.42123666666667,27.7409146666667,-158.32164,54.7590586666667
2015-08-11 13:52:09.274,-0.04032075,-0.29087425,0.213668,-1.975851,-0.5593085,0.06718525,-13.0629995,-30.17605675,-2.427384,6.71401625,118.20557925,-56.3513445,-0.09647,0.149332,0.105793,-0.01318425,0.03532025,0.0061595,-43.906341,19.43454825,-2.3069605,27.753352,-158.24431925,54.73806675
2015-08-11 13:52:09.294,-0.03932525,-0.308065,0.21057125,-1.84199525,-0.56961725,0.072683,-13.471492,-30.19482725,-3.10165425,6.3726255,118.85427325,-58.42466125,-0.095722,0.149332,0.104487,-0.01363875,0.036458,0.00203525,-43.73020475,19.14476775,-2.330532,27.77816725,-158.1762085,54.7569445
2015-08-11 13:52:09.314,-0.0365046666666667,-0.319984,0.198184666666667,-1.716411,-0.571933,0.0622986666666667,-13.4224063333333,-30.287705,-3.89426133333333,6.08844433333333,119.460359333333,-60.1102273333333,-0.096844,0.149332,0.1031805,-0.0146295,0.03248025,-0.0030805,-43.268278,19.0580905,-2.16348475,27.81190425,-158.143885,54.79971925
2015-08-11 13:52:09.335,-0.035841,-0.3266315,0.19044325,-1.67316725,-0.56625725,0.056877,-13.54967875,-30.554608,-4.78718775,5.80987075,120.0461925,-61.749384,-0.095722,0.149332,0.104487,-0.02645975,0.03422925,0.00066125,-43.0154715,19.036905,-1.8938,27.84559775,-158.10698125,54.81413025
2015-08-11 13:52:09.355,-0.03733425,-0.33625825,0.1873465,-1.7276865,-0.5667155,-0.00764575,-13.86430325,-30.65850575,-6.02310625,5.50956275,120.590415,-63.51898675,-0.0952233333333333,0.149332,0.104487,-0.0344716666666667,0.0294383333333333,0.00531833333333333,-43.3134,19.1446466666667,-1.980942,27.8366773333333,-158.091977666667,54.8097123333333
2015-08-11 13:52:09.373,-0.037832,-0.348636,0.18579825,-1.7165385,-0.558545,-0.084462,-14.45778225,-30.725142,-7.19323625,5.1629645,121.147342,-65.36620825,-0.094974,0.148201,0.1031805,-0.03248,0.03238525,0.000126,-43.49360475,19.07022525,-2.02544325,27.84823225,-158.078916,54.806938
2015-08-11 13:52:09.394,-0.037832,-0.366744,0.166186333333333,-1.53559533333333,-0.522249666666667,-0.132058666666667,-13.9528856666667,-30.8537423333333,-8.39173133333333,4.83726933333333,121.508291333333,-66.9293106666667,-0.095722,0.1487665,0.1031805,-0.02117425,0.02588875,-0.0002555,-43.2644805,19.10521575,-1.94735775,27.86722825,-158.074736,54.82517025
2015-08-11 13:52:09.414,-0.035841,-0.37820475,0.15715475,-1.2899255,-0.5012765,-0.20167175,-13.85688425,-30.70087725,-8.919047,4.49197675,121.819559,-68.29609275,-0.095722,0.149332,0.104487,-0.0303833333333333,0.0203613333333333,-0.00374266666666667,-43.1041323333333,19.0808553333333,-1.96118433333333,27.8729246666667,-158.066801333333,54.830427
2015-08-11 13:52:09.435,-0.03185875,-0.37958,0.15328375,-1.087042,-0.46561725,-0.26649975,-14.76498625,-30.39662025,-9.35250775,4.03213325,122.23248475,-69.59213325,-0.094974,0.1504635,0.104487,-0.0371215,0.0243535,-0.00101875,-43.4352105,19.235239,-2.090135,27.856624,-158.06657025,54.82922375
2015-08-11 13:52:09.455,-0.030365,-0.38233075,0.14786475,-0.97174075,-0.462792,-0.371721,-14.6355735,-30.40020875,-9.948748,3.508091,122.62719125,-70.65860075,-0.097218,0.149332,0.101874,-0.03810575,0.024119,0.00188275,-43.6614495,19.1283855,-2.22890375,27.88569525,-158.04568325,54.844474
2015-08-11 13:52:09.475,-0.0205753333333333,-0.387832,0.151735,-0.857025333333333,-0.463097333333333,-0.429753333333333,-14.5826403333333,-30.622006,-10.559021,2.94960533333333,122.924567666667,-71.43989,-0.0967193333333333,0.145561333333333,0.103616,-0.0246616666666667,0.0191263333333333,-0.002724,-43.945118,18.990848,-2.160947,27.9284713333333,-158.038574666667,54.846114
2015-08-11 13:52:09.496,-0.019414,-0.38370625,0.146316,-0.80787625,-0.43148525,-0.49244325,-14.82064375,-30.7022675,-10.7754825,2.3264515,123.1967095,-72.100061,-0.0951236,0.1475224,0.1039644,-0.022702,0.018369,-0.0001174,-43.7795914,18.8497532,-2.022404,27.9523262,-158.0522766,54.8066252
2015-08-11 13:52:09.516,-0.018916,-0.38026775,0.1393485,-0.7865725,-0.41468625,-0.5670455,-14.243194,-30.663172,-11.440232,1.61043875,123.381425,-72.813732,-0.095348,0.148201,0.10252725,-0.031522,0.01387525,-0.0017055,-43.9642925,18.98753325,-2.08486325,27.94706525,-158.102316,54.81700975
2015-08-11 13:52:09.535,-0.016427,-0.39058275,0.13005875,-0.7153305,-0.4074325,-0.66356225,-14.2568265,-30.94689475,-11.481557,0.84976,123.51861975,-73.514909,-0.095722,0.149332,0.104487,-0.0306513333333333,0.0115823333333333,-0.005268,-43.8392766666667,18.9931326666667,-1.973758,27.9486736666667,-158.130941333333,54.8060196666667
2015-08-11 13:52:09.555,-0.0106196666666667,-0.398834,0.123865666666667,-0.617261,-0.410155666666667,-0.729179333333333,-14.6305836666667,-31.266819,-11.5160866666667,0.0630746666666667,123.756079333333,-74.1562766666667,-0.09721775,0.149332,0.10252725,-0.02975475,0.0076105,-0.00391825,-43.391077,18.8871225,-2.072084,27.962624,-158.15754175,54.82062225
2015-08-11 13:52:09.577,-0.00696925,-0.40227225,0.130059,-0.487401,-0.3944515,-0.78374975,-14.81526025,-31.40689975,-11.3684945,-0.72386825,124.00505525,-74.55638625,-0.09833925,0.1476355,0.104487,-0.02051,0.00921175,-0.00292475,-43.62120825,19.0177165,-1.98044025,28.01088175,-158.15322125,54.8093815
2015-08-11 13:52:09.596,-0.00149325,-0.3926455,0.12076925,-0.44059325,-0.3842195,-0.839873,-14.85214875,-31.4495055,-11.202551,-1.6981045,124.33689,-74.93463175,-0.096096,0.14707,0.10383375,-0.00729775,-0.001937,-0.0012445,-43.70001975,18.83101025,-2.08787975,28.03480925,-158.17228775,54.7831255
2015-08-11 13:52:09.617,0.013821,-0.385081,0.114576,-0.49709825,-0.37162025,-0.8998905,-15.19932075,-31.672555,-11.26240425,-2.73181425,124.80482625,-75.3672185,-0.095722,0.148578,0.101874,-0.018724,-0.00633933333333333,0.00776433333333333,-43.837685,18.853063,-2.23840266666667,28.0269386666667,-158.197381333333,54.8063053333333
2015-08-11 13:52:09.636,0.0149726666666667,-0.393333333333333,0.119736666666667,-0.573278666666667,-0.357926666666667,-0.966806,-14.9768086666667,-32.0025483333333,-11.2256573333333,-3.76675166666667,125.212239333333,-75.8229293333333,-0.094226,0.14707,0.10383375,-0.0168365,-0.00414975,0.01089375,-43.55142125,18.72084725,-2.323723,27.996667,-158.221455,54.80603225
2015-08-11 13:52:09.657,0.01813975,-0.397459,0.1145755,-0.5344375,-0.3260345,-0.9923605,-13.789369,-32.21745175,-11.32952525,-4.683733,125.43691575,-76.21364825,-0.09385225,0.14707,0.1031805,-0.007442,-0.00086575,0.0028745,-43.4772205,18.77232225,-2.47861225,27.952268,-158.22285525,54.79360625
2015-08-11 13:52:09.677,0.0276415,-0.4022725,0.108382,-0.319413,-0.31213725,-1.05191975,-13.913366,-32.29641375,-11.298224,-5.81776425,125.73892975,-76.58309975,-0.095722,0.14933225,0.101874,-0.004616,0.00638775,0.003409,-43.692362,19.03716025,-2.3318835,27.94231075,-158.22570025,54.834069
2015-08-11 13:52:09.699,0.0431895,-0.4029605,0.106834,-0.121951,-0.301829,-1.07895025,-13.785857,-32.45229625,-11.12619025,-7.09522425,126.1757955,-76.706863,-0.09647,0.14876675,0.10383375,0.00141625,0.005699,0.011959,-43.71811025,18.99135175,-2.43832575,27.94177925,-158.20599175,54.89369525
2015-08-11 13:52:09.718,0.058738,-0.393333,0.108382,-0.07178375,-0.31481,-1.1154495,-12.72747275,-33.1450405,-10.92992975,-8.44782575,126.60588925,-76.6563025,-0.096096,0.1476355,0.105793,-0.00438675,-0.00140275,0.0080625,-43.64065925,18.9263995,-2.2230555,27.934091,-158.185904,54.87236175
2015-08-11 13:52:09.737,0.071407,-0.384164666666667,0.117672,-0.117165666666667,-0.330743666666667,-1.11382066666667,-11.6473436666667,-33.758616,-11.1742266666667,-9.74097933333333,126.877216,-76.5650136666667,-0.09647,0.14707,0.1031805,-0.0034695,-0.00957175,0.01287075,-43.34903225,18.84178825,-1.89721775,27.933459,-158.19836225,54.844306
2015-08-11 13:52:09.757,0.0742865,-0.3850815,0.114576,-0.12134,-0.34749125,-1.13087425,-11.444264,-34.10813325,-11.06699875,-10.96360675,127.0993055,-76.4868505,-0.0962206666666667,0.14707,0.104487,0.00541366666666667,-0.0101043333333333,0.015999,-43.2897633333333,19.032053,-2.03044533333333,27.924547,-158.207202666667,54.8429456666667
2015-08-11 13:52:09.778,0.1002,-0.3947085,0.114576,0.04985475,-0.34970575,-1.1382045,-10.854836,-34.6132935,-10.6240305,-12.457964,127.4682725,-76.30187875,-0.096096,0.1487665,0.10252725,0.00027125,-0.01124725,0.02027125,-43.24919225,18.96155925,-2.338261,27.91392825,-158.18443875,54.86303925
2015-08-11 13:52:09.797,0.117476,-0.390583,0.10915625,0.1149885,-0.31946775,-1.150727,-10.41678525,-35.158807,-10.03742625,-14.064089,127.99433,-76.019633,-0.095722,0.1504635,0.101874,0.0026385,-0.0091075,0.0181295,-43.50891,18.98232875,-2.094522,27.882926,-158.20496725,54.9397365
2015-08-11 13:52:09.817,0.130145,-0.382330666666667,0.121801333333333,0.0220096666666667,-0.320460333333333,-1.16778033333333,-10.126962,-35.6759413333333,-9.72212,-15.5068673333333,128.433647666667,-75.766749,-0.094974,0.149332,0.1031805,0.00928025,-0.01666425,0.023699,-43.440339,18.8446655,-1.95592725,27.837982,-158.24755675,54.988686
2015-08-11 13:52:09.838,0.1503,-0.378205,0.1130275,-0.179754,-0.31946775,-1.21952575,-9.037438,-36.017558,-9.55558825,-17.097983,128.88265075,-75.67848925,-0.0952233333333333,0.14707,0.102745,0.0114163333333333,-0.0207836666666667,0.0254506666666667,-43.38097,18.928372,-2.067137,27.8059206666667,-158.275377333333,55.0233323333333
2015-08-11 13:52:09.858,0.161241333333333,-0.387832,0.112511333333333,-0.227121333333333,-0.320969333333333,-1.22428566666667,-8.81966266666667,-36.2244323333333,-9.792719,-18.6788776666667,129.365408666667,-75.7753253333333,-0.094974,0.14707,0.10252725,0.019278,-0.022612,0.03147775,-43.2975265,19.1230035,-1.96127575,27.76809725,-158.27324825,55.03653575
2015-08-11 13:52:09.878,0.17275825,-0.38851975,0.111479,-0.03100825,-0.326111,-1.24838925,-8.12802975,-36.54313375,-9.46542,-20.29106275,129.84223425,-75.7494395,-0.095722,0.1476355,0.101874,0.02355,-0.02734175,0.03513575,-43.45947575,18.87347925,-1.79821975,27.743922,-158.2971095,55.0872035
2015-08-11 13:52:09.898,0.195217,-0.3782045,0.1192205,0.162865,-0.32969975,-1.22097675,-7.66743875,-36.7641085,-9.08350575,-22.112586,130.41421475,-75.413049,-0.094226,0.148201,0.101874,0.03064475,-0.031535,0.03337225,-43.5365195,19.13222225,-1.842126,27.699636,-158.3436815,55.1430125
2015-08-11 13:52:09.918,0.210765,-0.346573,0.116124,0.047106,-0.3420695,-1.20799575,-6.84737875,-36.80118075,-8.732878,-24.05292875,130.96761725,-74.97682725,-0.094974,0.1504635,0.101874,0.04476275,-0.0310695,0.0387095,-43.46849225,19.51753775,-1.78162025,27.641235,-158.363762,55.23103725
2015-08-11 13:52:09.937,0.2228585,-0.338321,0.11225325,-0.08255,-0.37131475,-1.18631,-5.098306,-37.07660775,-8.21097275,-26.09191125,131.55336725,-74.778839,-0.0932293333333333,0.149332,0.103616,0.0472233333333333,-0.032362,0.0376333333333333,-43.4280396666667,19.4891376666667,-1.503967,27.5596123333333,-158.39073,55.2975106666667
2015-08-11 13:52:09.957,0.233799333333333,-0.338321,0.105285666666667,0.01529,-0.411886666666667,-1.123289,-4.44374333333333,-37.551454,-7.88088733333333,-27.7848866666667,132.159757333333,-74.6555566666667,-0.094226,0.1504635,0.10252725,0.047189,-0.030142,0.04037525,-43.1969955,19.340567,-1.69566475,27.498318,-158.416184,55.372615
2015-08-11 13:52:09.978,0.2470445,-0.33007,0.1037375,0.2440335,-0.44813125,-0.9949565,-3.9681755,-37.51929925,-7.86145725,-29.41604025,132.88592375,-74.407611,-0.094974,0.1504635,0.1031805,0.05664625,-0.0285325,0.04662725,-43.29278075,19.32993075,-1.97048325,27.42854525,-158.41352,55.438639
2015-08-11 13:52:09.998,0.252227,-0.30187625,0.11225325,0.3378015,-0.48096525,-0.82750325,-3.43126525,-37.54255675,-7.79865725,-31.170009,133.64934425,-73.86223275,-0.094226,0.151595,0.104487,0.04594575,-0.0340235,0.046159,-43.3531065,19.4547645,-1.82066125,27.3513845,-158.40908025,55.5100335
2015-08-11 13:52:10.017,0.252227,-0.285143333333333,0.111479,0.240903333333333,-0.507589,-0.667176333333333,-2.59098666666667,-37.6361666666667,-7.395378,-32.5535183333333,134.267367,-73.404662,-0.095722,0.149332,0.10383375,0.05990775,-0.0382915,0.03866725,-43.5465385,19.5106005,-1.780438,27.3011695,-158.4198345,55.55584775
2015-08-11 13:52:10.039,0.2556825,-0.2805595,0.100641,0.30298225,-0.50738525,-0.46296925,-1.78645775,-37.862339,-7.14299,-33.7621425,135.007913,-73.08448575,-0.094226,0.153103,0.104487,0.057657,-0.0395573333333333,0.0453283333333333,-43.2871666666667,19.510877,-1.95204333333333,27.2402406666667,-158.415068,55.6005446666667
2015-08-11 13:52:10.058,0.2539545,-0.268182,0.08670625,0.4951755,-0.47462725,-0.16227075,-1.8250615,-38.15558325,-6.80984825,-34.83655425,136.074468,-72.7369675,-0.094226,0.152726,0.104487,0.03988225,-0.04209475,0.035598,-43.09535225,19.31176125,-1.9847435,27.16370725,-158.4304625,55.64840375
2015-08-11 13:52:10.078,0.2314965,-0.25374125,0.07973875,0.49303725,-0.45721775,0.14117675,-1.6088125,-38.3415195,-6.0940335,-35.49655625,137.324795,-72.441659,-0.094974,0.151595,0.1031805,0.02666575,-0.047354,0.03238375,-42.79285625,19.49570325,-2.003221,27.1125795,-158.42453025,55.66691825
2015-08-11 13:52:10.098,0.210765333333333,-0.251219333333333,0.0846416666666667,0.271446,-0.428277666666667,0.379948333333333,-1.487994,-38.576566,-5.96510466666667,-35.623372,138.332067333333,-72.396349,-0.094226,0.151595,0.105357666666667,0.0295373333333333,-0.0505263333333333,0.0321743333333333,-43.154578,19.4840133333333,-2.245971,27.061152,-158.413310666667,55.67585
2015-08-11 13:52:10.118,0.1969445,-0.2723075,0.0836095,0.22532575,-0.365741,0.58619175,-1.466252,-38.6666805,-6.09432225,-35.25748775,139.16902125,-72.533696,-0.094226,0.151595,0.106446,0.03207625,-0.05527675,0.02863075,-43.14934075,19.67566125,-2.32928575,26.9967055,-158.38157525,55.64160475
2015-08-11 13:52:10.138,0.1762135,-0.298438,0.0689,0.424315,-0.2526545,0.80411775,-1.76776125,-38.999571,-6.15207675,-34.27013675,140.13523725,-72.77459325,-0.095348,0.1549885,0.104487,0.0274885,-0.0556465,0.028854,-42.78330425,19.66477675,-2.07819275,26.940376,-158.36567125,55.65683275
2015-08-11 13:52:10.158,0.162393,-0.303480666666667,0.0609003333333333,0.444932,-0.128343333333333,1.002013,-2.50837266666667,-39.235938,-5.460349,-33.0207556666667,141.062075333333,-73.0038143333333,-0.0932293333333333,0.154611666666667,0.104487,0.018627,-0.0578246666666667,0.025031,-42.944374,19.7780423333333,-2.042748,26.8598666666667,-158.376791666667,55.692758
2015-08-11 13:52:10.180,0.133024,-0.305314,0.0510945,0.4747115,-0.0155625,1.17376775,-2.92172575,-39.25606725,-5.1632955,-31.39490825,141.958669,-73.31555625,-0.0924316,0.1524998,0.1023966,0.015386,-0.0601742,0.0239264,-43.6036926,19.9508154,-2.0738392,26.7980418,-158.3950456,55.7061044
2015-08-11 13:52:10.200,0.1053825,-0.3300695,0.068126,0.72967175,0.0777475,1.31884825,-4.309065,-39.60471525,-4.416398,-29.046115,142.56770975,-73.30382725,-0.092731,0.153857,0.10383375,0.0025105,-0.06492425,0.0171565,-43.27198025,19.835423,-1.81282475,26.707755,-158.45085375,55.72800075
2015-08-11 13:52:10.219,0.0803325,-0.34313525,0.08283525,0.90399725,0.162963,1.4225425,-5.846615,-39.75563525,-4.2728755,-26.31234725,142.62848125,-72.7271545,-0.092731,0.155365666666667,0.105357666666667,0.0129186666666667,-0.066439,0.0209456666666667,-43.141586,19.7589463333333,-1.705085,26.6289466666667,-158.504348,55.7195926666667
2015-08-11 13:52:10.240,0.05009975,-0.34932375,0.08593175,0.88437325,0.27093375,1.45980575,-6.09262825,-40.05993375,-4.20181975,-23.27761775,142.0647485,-71.95352075,-0.0934785,0.153857,0.1044865,-0.00123325,-0.064213,0.01547,-42.98053075,19.83651925,-1.62584925,26.57730625,-158.55321775,55.72652925
2015-08-11 13:52:10.259,0.0391586666666667,-0.363076333333333,0.081545,0.953273666666667,0.330009,1.42951666666667,-7.240853,-40.2137236666667,-3.54686966666667,-20.5978783333333,141.468658666667,-71.3257283333333,-0.092731,0.151595,0.104487,-0.0016155,-0.06053425,0.01134375,-43.12942125,19.725687,-1.83017575,26.53429775,-158.578032,55.677251
2015-08-11 13:52:10.280,0.025914,-0.391958,0.10064075,1.26585825,0.3858525,1.379553,-8.67209175,-39.920284,-3.29413325,-17.9851265,141.01143775,-70.474756,-0.091235,0.1521605,0.106446,-0.02658075,-0.061133,0.01118875,-43.28562725,19.78244825,-1.85821,26.47188775,-158.60999725,55.6024025
2015-08-11 13:52:10.301,0.008638,-0.4270275,0.1385745,1.90978675,0.42044275,1.25806725,-9.4934065,-39.97324075,-2.11205025,-15.089119,139.981114,-68.60602625,-0.091609,0.15442275,0.10448675,-0.0287885,-0.0606615,0.00446775,-43.17060075,19.833218,-1.7427015,26.399176,-158.64661725,55.52230625
2015-08-11 13:52:10.321,0.0051825,-0.418088,0.15870275,2.14191575,0.5071095,1.1220735,-10.572423,-40.06244775,-0.62267875,-12.488059,138.8999255,-66.16778375,-0.091235,0.155365666666667,0.101874,-0.0189346666666667,-0.053041,0.00708833333333333,-43.0263453333333,19.6508276666667,-1.53284266666667,26.347296,-158.715792333333,55.542339
2015-08-11 13:52:10.342,-0.003982,-0.389665333333333,0.159993,1.95621266666667,0.53974,0.964546666666667,-11.4099746666667,-39.683946,0.644579666666667,-10.3892403333333,138.065967333333,-64.077873,-0.092731,0.1549885,0.105793,-0.010608,-0.0538455,0.0040075,-43.152827,19.793107,-1.436855,26.3066,-158.7846655,55.5491055
2015-08-11 13:52:10.361,-0.00995575,-0.38026775,0.16257375,1.95315825,0.486416,0.819695,-12.02193125,-39.18422125,2.1522585,-8.5764335,137.366586,-62.2872085,-0.092731,0.15498875,0.10514,0.01092325,-0.04726825,-0.00408575,-43.14987075,19.95170125,-1.5929275,26.27860575,-158.80941825,55.53138875
2015-08-11 13:52:10.382,0.00023425,-0.3871445,0.18192725,2.32853525,0.414945,0.647813,-12.51057225,-39.00726025,3.76206225,-6.87154075,136.97231975,-60.004421,-0.092357,0.152726,0.104487,0.01947225,-0.0461895,0.0004955,-42.849987,19.96308575,-1.4030675,26.2631255,-158.83465925,55.549361
2015-08-11 13:52:10.402,0.016124,-0.372245,0.216764333333333,2.62378633333333,0.409727333333333,0.523094666666667,-13.1993896666667,-38.314654,5.23924633333333,-5.74754033333333,136.723462,-57.4302603333333,-0.091235,0.153857,0.104487,0.0242276666666667,-0.0437376666666667,-0.00635033333333333,-43.047643,20.070364,-1.14809133333333,26.240753,-158.865929,55.5647146666667
2015-08-11 13:52:10.422,0.0362795,-0.323193,0.238441,2.42215025,0.41509775,0.38239175,-13.52262275,-37.418624,6.6708625,-5.05052875,136.491109,-54.720186,-0.090487,0.153857,0.105793,0.027099,-0.03159,0.00064925,-42.90647325,20.2301705,-1.34235525,26.2049475,-158.8768595,55.58398975
2015-08-11 13:52:10.442,0.04664475,-0.303939,0.246957,2.01103775,0.398986,0.3113025,-13.73376425,-36.7301225,8.46966975,-4.5381375,136.23575225,-51.905525,-0.089739,0.15329175,0.104487,0.02495525,-0.021429,-0.0005725,-43.08807075,20.1732915,-1.265961,26.1575855,-158.87499125,55.59315075
2015-08-11 13:52:10.461,0.062193,-0.302564,0.2500535,1.950791,0.39959675,0.30801925,-15.0024215,-35.75075825,10.06492525,-4.27093575,136.48230525,-49.55497675,-0.090861,0.15555425,0.107099,0.0305245,-0.01081225,-0.00179375,-43.07553275,20.2661705,-1.12577325,26.11246075,-158.88197875,55.63117525
2015-08-11 13:52:10.482,0.062193,-0.30325125,0.285665,2.113816,0.382569,0.26632725,-15.4792725,-34.8260735,11.26665875,-4.077636,136.9017025,-47.02903625,-0.091235,0.1549885,0.107752,0.0321205,0.01217125,0.0054595,-43.106492,20.23718825,-1.0917605,26.0828535,-158.86108175,55.62932275
2015-08-11 13:52:10.502,0.0495243333333333,-0.257637666666667,0.331340666666667,1.76714966666667,0.368595666666667,0.185591333333333,-15.4184426666667,-34.092139,12.7145036666667,-3.86889766666667,136.832567333333,-44.5731716666667,-0.092357,0.153857,0.109711,0.0091325,0.02094825,-0.00210025,-43.0591755,20.14671325,-1.46401125,26.0849685,-158.79222325,55.60984125
2015-08-11 13:52:10.522,0.044917,-0.2324245,0.337534,0.941336,0.301553,0.12598125,-15.36573175,-33.2574605,13.936145,-3.699385,136.4891525,-42.65030875,-0.092731,0.155365666666667,0.112323,-0.017846,0.0266196666666667,-0.008895,-43.3542303333333,20.0511246666667,-1.527756,26.0928666666667,-158.718374333333,55.507357
2015-08-11 13:52:10.541,0.0475085,-0.2784965,0.31895375,0.40072075,0.22847825,0.08337325,-15.29479575,-32.693697,14.57903975,-3.6202845,136.4607525,-41.6478615,-0.09385225,0.15442275,0.110364,-0.032934,0.0226955,-0.00904575,-43.273487,19.96165925,-1.5954285,26.1127605,-158.66049275,55.407373
2015-08-11 13:52:10.561,0.0604655,-0.30393925,0.29805125,0.66499625,0.2191625,0.14591075,-16.03039875,-32.16693225,14.95479875,-3.67015875,137.28686725,-41.273953,-0.09310475,0.152726,0.107752,-0.0444555,0.03063125,-0.0175185,-43.01376975,20.1486615,-1.43736775,26.1748025,-158.5881475,55.30739625
2015-08-11 13:52:10.582,0.0552826666666667,-0.278725666666667,0.321018,1.04989233333333,0.210483333333333,0.178566333333333,-15.638073,-31.6965536666667,15.3334176666667,-3.68484733333333,137.976610333333,-40.4046046666667,-0.092357,0.153857,0.10448675,-0.04658425,0.03535825,-0.01239975,-42.6810225,20.22810125,-1.204141,26.23094225,-158.521717,55.27382675
2015-08-11 13:52:10.602,0.0431895,-0.240676,0.33521125,0.9435505,0.14944775,0.11628375,-15.8122145,-31.209426,15.995946,-3.6293245,138.186164,-39.10347675,-0.091235,0.153857,0.101874,-0.057926,0.0415613333333333,-0.018862,-42.8801003333333,20.148868,-1.15923266666667,26.273913,-158.508851,55.3029863333333
2015-08-11 13:52:10.622,0.038007,-0.2379255,0.32824375,0.587569,0.0665225,0.10444825,-15.90321725,-30.83928625,16.38703225,-3.62237825,138.34241825,-37.99227075,-0.090861,0.153857,0.104487,-0.052444,0.04565125,-0.019876,-42.81403275,20.03171325,-1.298976,26.3036175,-158.494912,55.31107425
2015-08-11 13:52:10.642,0.034552,-0.245718666666667,0.333404666666667,0.341594,0.00533433333333333,0.107604333333333,-16.509182,-30.4027353333333,16.5423946666667,-3.612557,138.660576333333,-37.427414,-0.09310475,0.1549885,0.10514,-0.0554865,0.048008,-0.0206355,-43.25497125,20.0987875,-1.295054,26.3540445,-158.4703575,55.30838575
2015-08-11 13:52:10.662,0.034552,-0.2509905,0.3406305,0.091235,-0.04014625,0.06443125,-16.2563205,-30.03757725,17.0778045,-3.66047425,139.0387835,-37.1882345,-0.094226,0.1532915,0.10514,-0.04547275,0.04257675,-0.02078375,-43.55963225,20.029924,-1.292187,26.42992075,-158.452476,55.284535
2015-08-11 13:52:10.682,0.03541575,-0.261305,0.3352115,0.05625375,-0.06296525,0.030443,-16.441523,-29.91859525,17.2525555,-3.76283075,139.540826,-37.1469085,-0.094226,0.151595,0.104487,-0.040043,0.04478225,-0.02016875,-43.46652575,19.80809475,-1.50809575,26.5269715,-158.4320945,55.267052
2015-08-11 13:52:10.703,0.034552,-0.264055666666667,0.326179333333333,0.233347,-0.0663203333333333,0.0268523333333333,-16.691611,-29.7708996666667,17.213272,-3.883796,140.125925333333,-37.090238,-0.092731,0.152349,0.107099,-0.047391,0.0355103333333333,-0.0158896666666667,-43.161227,19.9536173333333,-1.63679766666667,26.5805596666667,-158.389109,55.2233193333333
2015-08-11 13:52:10.724,0.0276415,-0.25167825,0.3367595,0.2955535,-0.11748,0.02005625,-16.48931225,-29.61408725,17.24304375,-3.963776,140.559375,-36.84118825,-0.092731,0.1520474,0.1060542,-0.0610212,0.0341998,-0.0164354,-42.9636202,19.9756732,-1.3549428,26.6153788,-158.3503628,55.1592214
2015-08-11 13:52:10.745,0.022804,-0.240951,0.343108,0.0002,-0.1858666,-0.0733296,-16.8189544,-29.461813,17.4519792,-4.0924916,140.835072,-36.5222004,-0.094226,0.152349,0.107099,-0.0597866666666667,0.0279623333333333,-0.0220923333333333,-43.388176,19.6977846666667,-1.72334133333333,26.66143,-158.319614,55.0802526666667
2015-08-11 13:52:10.764,0.029945,-0.262222333333333,0.335469333333333,-0.206068666666667,-0.229421,-0.149076666666667,-16.1838206666667,-29.5266883333333,17.496495,-4.35351233333333,141.152766666667,-36.7186883333333,-0.094226,0.153857,0.104487,-0.051683,0.02009375,-0.02099375,-43.486455,19.63059875,-1.6591335,26.70592375,-158.334553,55.064085
2015-08-11 13:52:10.784,0.020731,-0.269557,0.354565,-0.132892,-0.273327,-0.16579925,-15.99631275,-29.678985,17.657864,-4.57819525,141.409928,-36.94909425,-0.0932293333333333,0.152349,0.104487,-0.047347,0.0203186666666667,-0.0151616666666667,-43.300799,19.5750006666667,-2.00481833333333,26.7389376666667,-158.333374666667,55.0562846666667
2015-08-11 13:52:10.804,0.013821,-0.261305,0.366435666666667,-0.226125333333333,-0.330723333333333,-0.261069,-15.7772863333333,-29.4055596666667,17.6909406666667,-4.79450066666667,141.426980666667,-37.0688393333333,-0.094226,0.1521605,0.104487,-0.0492215,0.02123125,-0.016254,-43.35329225,19.650841,-1.62319125,26.77820325,-158.33530075,55.04784725
2015-08-11 13:52:10.824,0.01641225,-0.2606175,0.35379125,-0.4239695,-0.39038425,-0.34737875,-15.202595,-30.03884975,17.47237825,-5.102091,141.2942075,-37.353298,-0.09310475,0.151595,0.106446,-0.0373005,0.02886175,-0.0177005,-43.0624915,19.61412625,-1.6333215,26.82087075,-158.3230335,55.0171525
2015-08-11 13:52:10.845,0.01295725,-0.27024475,0.3421785,-0.76910825,-0.44559125,-0.46290875,-15.167963,-30.37685525,17.21783625,-5.54461225,141.143421,-38.0758185,-0.09310475,0.1532915,0.107099,-0.04943225,0.02144975,-0.019835,-43.24312225,19.51998325,-1.5658695,26.82426025,-158.3288975,54.965945
2015-08-11 13:52:10.864,0.00163966666666667,-0.280559,0.335469333333333,-1.13886,-0.497285666666667,-0.557236333333333,-15.0669483333333,-30.8793066666667,17.0260823333333,-5.93317533333333,140.998545666667,-39.177281,-0.094226,0.151595,0.107099,-0.0467,0.023151,-0.0135193333333333,-43.1619136666667,19.5531156666667,-1.50026166666667,26.8488116666667,-158.340437,54.9156906666667
2015-08-11 13:52:10.884,0.00295725,-0.28537275,0.33134025,-1.5828575,-0.55486,-0.697023,-14.09066925,-31.494526,16.48473075,-6.4052575,140.628042,-40.7215255,-0.094226,0.15102925,0.106446,-0.05628625,0.02449525,-0.01700375,-43.5948485,19.88123975,-1.63489,26.882825,-158.311665,54.85881675
2015-08-11 13:52:10.905,0.0103655,-0.290874,0.301922,-2.21838625,-0.55485975,-0.856535,-13.44048475,-32.24730475,15.330169,-7.13081425,140.16472975,-43.22194175,-0.09385225,0.14989775,0.105793,-0.053831,0.01823025,-0.01562525,-43.70940325,19.80930625,-1.3820365,26.934338,-158.30589,54.7931815
2015-08-11 13:52:10.925,0.0230346666666667,-0.284226666666667,0.268375333333333,-2.700435,-0.539740666666667,-0.978631666666667,-13.0628963333333,-33.289327,13.9335483333333,-7.85278733333333,139.823626,-45.8728993333333,-0.0934785,0.14989775,0.10514,-0.05076575,0.01639375,-0.01027775,-43.412774,19.59665975,-1.35736925,26.95649175,-158.329949,54.74912875
2015-08-11 13:52:10.946,0.032479,-0.3091652,0.2514472,-3.0157638,-0.5193378,-1.0929856,-11.5973812,-34.7386024,12.2370592,-8.9592044,139.408352,-49.579453,-0.094226,0.15102925,0.104487,-0.0455625,0.021353,-0.00584725,-43.031046,19.63901625,-1.45383375,26.9963605,-158.32556075,54.726941
2015-08-11 13:52:10.966,0.0362795,-0.321818,0.2214095,-3.229826,-0.44131525,-1.120429,-11.1572155,-36.47424975,9.8910505,-10.118198,138.9834315,-53.92909475,-0.091983,0.1504635,0.101874,-0.01203625,0.02883025,0.00575875,-43.31567375,19.55063225,-1.43665875,27.007719,-158.33111025,54.78591375
2015-08-11 13:52:10.986,0.0529793333333333,-0.310815333333333,0.179605333333333,-3.30152633333333,-0.372058333333333,-1.13287533333333,-10.429405,-37.5744706666667,7.797962,-11.1316743333333,138.776307333333,-57.610188,-0.092731,0.149332,0.1031805,0.0159095,0.027679,0.00972725,-43.6339085,19.54789875,-1.47762075,27.0170745,-158.34455225,54.881977
2015-08-11 13:52:11.007,0.0725585,-0.319067,0.150187,-3.21020225,-0.26217875,-1.121498,-9.37750175,-38.11248975,5.6607195,-12.2699805,138.90658175,-61.2878355,-0.0927305,0.1504635,0.104487,-0.000662,0.028284,0.0018615,-43.669917,19.5633545,-1.49774675,27.017893,-158.35541225,54.926158
2015-08-11 13:52:11.029,0.0811965,-0.32319325,0.1230915,-2.807871,-0.10953925,-1.00451725,-8.823499,-38.5883905,3.1260045,-13.499746,139.1399245,-65.11937025,-0.0946,0.14989775,0.105793,-0.002799,0.0241555,0.00766325,-43.43276875,19.4257135,-1.552871,27.0381715,-158.34788175,54.9429295
2015-08-11 13:52:11.050,0.08983425,-0.33282025,0.1052855,-2.24648575,0.0449335,-0.83278775,-8.31643625,-38.68893325,0.52307175,-14.56126525,139.364686,-68.4804365,-0.095348,0.15102925,0.105793,0.00384325,0.022394,0.01186125,-42.96195325,19.479117,-1.44461775,27.07535275,-158.320151,54.9536195
2015-08-11 13:52:11.070,0.113157,-0.330757,0.09676975,-1.55765925,0.22055725,-0.55308775,-7.856121,-38.585885,-1.60933,-15.40041325,139.4537855,-70.89973375,-0.094226,0.151595,0.104487,0.01979925,0.01948825,0.01590525,-43.289855,19.72967475,-1.65920425,27.08035225,-158.29491375,55.01121625
2015-08-11 13:52:11.091,0.1468445,-0.30600175,0.071997,-0.89891725,0.41687425,-0.2939285,-6.9586905,-38.50550725,-2.93228475,-16.25127875,139.678424,-72.3085815,-0.094226,0.15102925,0.107099,0.0178865,0.014216,0.02071125,-43.3923015,19.7998685,-1.5992975,27.06644775,-158.25068825,55.044852
2015-08-11 13:52:11.112,0.16498425,-0.296375,0.062707,-0.54751675,0.58150225,-0.0823395,-5.88829,-38.6293935,-3.63808075,-17.20328375,140.02672925,-73.21740625,-0.094226,0.151595,0.104487,0.00688866666666667,0.0117956666666667,0.016305,-43.6458143333333,19.6131973333333,-1.668731,27.0587093333333,-158.237774666667,55.0704343333333
2015-08-11 13:52:11.132,0.171606666666667,-0.305314333333333,0.0815446666666667,-0.402869,0.677815333333333,0.167453,-5.40321633333333,-38.510821,-4.260087,-17.7319343333333,140.002294333333,-73.6385963333333,-0.094226,0.15385725,0.104487,0.01368275,0.01497525,0.00764875,-43.75208675,19.54951375,-1.6051685,27.05281075,-158.26156875,55.126963
2015-08-11 13:52:11.152,0.18053275,-0.288123,0.105286,-0.46902075,0.783775,0.4530835,-5.469568,-38.22068125,-4.918933,-17.966647,139.53448075,-73.71584625,-0.09385225,0.15555425,0.1031805,-0.00487275,0.0203165,0.0039065,-43.568764,19.51805875,-1.541808,27.033712,-158.3172105,55.23241325
2015-08-11 13:52:11.172,0.179669,-0.277121,0.09677,-0.72077375,0.87945175,0.71002875,-6.0650825,-37.8275395,-5.78631725,-18.015938,138.8605975,-73.8777115,-0.0934785,0.15272575,0.106446,-0.0047955,0.02802325,-0.0012095,-43.47715275,19.483981,-1.5450885,27.01777325,-158.349627,55.274122
2015-08-11 13:52:11.191,0.183124,-0.28606025,0.0743195,-0.76429775,0.9045735,0.9494115,-6.674187,-37.86000725,-6.27630825,-17.8419795,138.59259825,-74.47354475,-0.0932293333333333,0.150840666666667,0.107099,-0.0148986666666667,0.0250143333333333,-0.005485,-43.5113806666667,19.4395216666667,-1.447415,27.0143253333333,-158.355390666667,55.239428
2015-08-11 13:52:11.212,0.1848515,-0.308065,0.0944475,-0.45023675,0.9255725,1.240794,-6.7091485,-37.38919925,-6.746407,-17.28517175,138.34073125,-74.8957665,-0.094226,0.15102925,0.106446,-0.02861275,0.02457725,-0.0130425,-43.44090575,19.55896875,-1.550701,27.039077,-158.3560645,55.1775415
2015-08-11 13:52:11.233,0.192337333333333,-0.305314333333333,0.112511333333333,-0.078805,0.923688666666667,1.452408,-7.523535,-36.6732306666667,-6.99482066666667,-16.4918493333333,137.928639666667,-74.6621596666667,-0.0946,0.1532915,0.104487,-0.03700475,0.0164795,-0.0204455,-43.45135225,19.52969225,-1.75042075,27.06467075,-158.36512475,55.162434
2015-08-11 13:52:11.253,0.1848515,-0.301876,0.126188,0.00646175,0.9143475,1.58883475,-8.07119225,-36.4277555,-7.34467425,-15.654344,137.49755825,-74.0976675,-0.0946,0.1521605,0.104487,-0.0316525,0.02151475,-0.016929,-43.52608475,19.36291475,-2.1933335,27.099699,-158.36043925,55.16327675
2015-08-11 13:52:11.272,0.163544666666667,-0.308065,0.138316333333333,-0.159337666666667,0.902003,1.67883566666667,-8.50623933333333,-36.305014,-7.84894633333333,-14.5654616666667,136.889184666667,-73.545899,-0.094226,0.153857,0.104487,-0.024775,0.0232665,-0.02280425,-43.5926875,19.42072275,-2.08964375,27.12390075,-158.35601675,55.1765905
2015-08-11 13:52:11.292,0.1492632,-0.325669,0.1201494,-0.1129932,0.8547424,1.7863272,-9.4555558,-35.646338,-8.4104474,-13.1041198,136.3851052,-73.2888602,-0.094226,0.151595,0.105793,-0.02904525,0.02410125,-0.0275335,-43.68499,19.49496275,-2.23735725,27.14901975,-158.3470315,55.17108375
2015-08-11 13:52:11.312,0.135903333333333,-0.393332666666667,0.13522,0.645477333333333,0.765067,1.872989,-10.451651,-35.1860453333333,-8.39995733333333,-11.224474,136.052523,-72.697658,-0.094226,0.153857,0.104487,-0.0468296666666667,0.031299,-0.0413983333333333,-43.9700176666667,19.4460333333333,-2.38133433333333,27.1805476666667,-158.333729666667,55.1485823333333
2015-08-11 13:52:11.333,0.117475666666667,-0.414420666666667,0.152767666666667,1.492137,0.733709666666667,1.89528533333333,-10.5349476666667,-34.586244,-8.74239833333333,-9.81988433333333,135.775746,-71.5250353333333,-0.095722,0.151595,0.104487,-0.052623,0.02997,-0.04088175,-43.9463035,19.41494575,-2.21350525,27.2405,-158.3252365,55.1206615
2015-08-11 13:52:11.352,0.0815418,-0.4026848,0.1845598,2.0687732,0.7520558,1.8240178,-11.330754,-34.042008,-8.6243222,-7.6080444,135.0513086,-68.8563066,-0.094974,0.148201,0.104487,-0.02703525,0.0320255,-0.0376665,-43.6146325,19.17114675,-2.04938825,27.325458,-158.32238475,55.076546
2015-08-11 13:52:11.372,0.047221,-0.369494333333333,0.206443,2.159507,0.756515,1.72200333333333,-12.120713,-34.0181236666667,-7.87146333333333,-5.38680533333333,134.172527666667,-65.8404373333333,-0.094226,0.149332,0.106228333333333,-0.024002,0.041665,-0.038423,-43.582933,19.3015676666667,-2.016564,27.3806243333333,-158.305407333333,55.023337
2015-08-11 13:52:11.393,0.0233225,-0.366515,0.222958,1.91572075,0.74361075,1.583337,-12.39513075,-33.70684425,-7.22316,-3.51049625,133.27373825,-63.31982875,-0.094226,0.15102925,0.104487,-0.03008,0.04102125,-0.04696675,-43.52253525,19.48625275,-1.6353705,27.43194775,-158.30439075,55.00727075
2015-08-11 13:52:11.412,-0.006969,-0.364452,0.2121195,1.49254375,0.74406875,1.38862375,-12.49912625,-32.885291,-6.53761625,-1.36340225,132.19811325,-61.06202275,-0.094226,0.1504635,0.104487,-0.05106975,0.04918175,-0.051767,-43.707633,19.3683265,-1.69228925,27.487184,-158.33332325,54.9903775
2015-08-11 13:52:11.432,-0.032854,-0.397459,0.227603,1.37838875,0.6196815,1.195972,-12.702301,-32.23580175,-5.64108325,0.62160875,131.139137,-59.381238,-0.095348,0.149332,0.104487,-0.06907675,0.05291225,-0.0538175,-43.74563575,19.1196475,-1.86013625,27.56929275,-158.345563,54.927823
2015-08-11 13:52:11.452,-0.039823,-0.404335666666667,0.249795333333333,1.69199133333333,0.553809666666667,1.149928,-12.545356,-32.25746,-5.447363,2.25832566666667,130.258765333333,-57.7091776666667,-0.095722,0.148201,0.104487,-0.068986,0.0505345,-0.04586575,-44.05157575,19.20873175,-1.66494275,27.66216875,-158.36160375,54.86077525
2015-08-11 13:52:11.472,-0.0438055,-0.361701,0.2492795,2.08592325,0.538513,1.09838625,-13.1469445,-32.10352325,-4.88574875,3.708851,129.44365175,-55.59525375,-0.095722,0.14707,0.105793,-0.057519,0.04533225,-0.039672,-44.16079025,19.00812375,-1.69552825,27.7495235,-158.377962,54.75390175
2015-08-11 13:52:11.492,-0.0504426666666667,-0.324568333333333,0.240505666666667,2.072357,0.530597,1.00321833333333,-13.2907073333333,-32.0361036666667,-4.13475433333333,5.10949733333333,128.627087666667,-53.2618973333333,-0.0952233333333333,0.14707,0.103616,-0.0490843333333333,0.0441526666666667,-0.0312406666666667,-43.5398776666667,18.8977266666667,-1.69927333333333,27.819894,-158.394067666667,54.7087166666667
2015-08-11 13:52:11.513,-0.0587395,-0.30944025,0.24540875,1.721542,0.52011025,0.84945875,-13.4936625,-31.57176425,-3.39829375,6.40519725,127.8232165,-51.19505275,-0.09310475,0.14707,0.10252725,-0.0537585,0.04501,-0.03339825,-43.50893775,18.7330665,-1.9706615,27.852215,-158.4063755,54.6828575
2015-08-11 13:52:11.533,-0.07616225,-0.31769225,0.251602,1.32279975,0.43924725,0.69032825,-12.98345775,-31.406221,-2.8444235,7.6983955,126.776094,-49.48403675,-0.0934785,0.14707,0.104487,-0.05779325,0.04606975,-0.03705625,-43.4006585,18.8916505,-1.7792285,27.875423,-158.421549,54.6360345
2015-08-11 13:52:11.552,-0.0846245,-0.352074,0.275601,1.60333975,0.237127,0.486452,-12.63189675,-31.3075615,-2.49583025,8.70804625,125.6989595,-47.95583825,-0.0962206666666667,0.14707,0.102745,-0.058113,0.0341503333333333,-0.0415026666666667,-43.8974226666667,19.0722573333333,-1.81005266666667,27.937129,-158.433532666667,54.6009513333333
2015-08-11 13:52:11.573,-0.0776555,-0.349324,0.291084,2.10944175,0.19184675,0.47912175,-13.26026025,-31.2049305,-1.6866905,9.397653,124.888404,-45.92224075,-0.09833925,0.151595,0.10383375,-0.046625,0.0285705,-0.032003,-43.5545445,19.003257,-1.84210625,27.99469525,-158.44535225,54.60046825
2015-08-11 13:52:11.592,-0.0690273333333333,-0.278725333333333,0.267343333333333,2.09669,0.203987333333333,0.446415,-13.8707263333333,-31.1163146666667,-0.681329666666667,9.95558233333333,124.319196333333,-43.7366166666667,-0.09647,0.14707,0.1031805,-0.029055,0.023602,-0.02451375,-43.464982,18.8285475,-1.97204175,28.059227,-158.44911875,54.60717275
2015-08-11 13:52:11.612,-0.07018875,-0.2530535,0.261666,1.83791175,0.17993475,0.3920735,-14.16243525,-31.0308455,0.58095,10.45088625,123.8117165,-41.757701,-0.094226,0.1436755,0.1031805,-0.0137035,0.02199375,-0.017179,-43.81293875,18.84358,-2.302201,28.10116425,-158.42559225,54.59514925
2015-08-11 13:52:11.632,-0.0726775,-0.2282985,0.269408,1.30829175,0.145879,0.32793225,-13.7786705,-30.901885,1.4002335,10.92995425,123.157395,-39.964642,-0.0934785,0.144807,0.101874,-0.019808,0.02092025,-0.01977175,-44.1642315,18.73742725,-2.3490735,28.1088195,-158.42195875,54.5824765
2015-08-11 13:52:11.652,-0.073673,-0.223714,0.267343333333333,0.879133333333333,0.125389666666667,0.293189333333333,-13.4786473333333,-30.4828416666667,1.967392,11.3082336666667,122.538762,-38.842941,-0.0952233333333333,0.14707,0.103616,-0.021535,0.0160043333333333,-0.019793,-44.03058,18.8014843333333,-1.96052433333333,28.1226366666667,-158.446924333333,54.5874603333333
2015-08-11 13:52:11.672,-0.07217975,-0.217296,0.26244025,0.65688025,0.12717125,0.310141,-13.22839,-30.4167975,2.25819025,11.64907675,121.9676785,-38.152809,-0.0975915,0.14707,0.104487,-0.01781525,0.00220775,-0.02083325,-44.047966,18.71442225,-2.09386375,28.1470985,-158.47161775,54.56554225
2015-08-11 13:52:11.692,-0.0686955,-0.206294,0.2539245,0.58266025,0.12976725,0.34137175,-12.90768625,-30.16055225,2.39440525,12.04290325,121.316256,-37.481778,-0.0997103333333333,0.147824,0.104487,-0.009515,-8.3E-05,-0.012863,-43.8169043333333,18.4686926666667,-2.18665466666667,28.2071456666667,-158.49275,54.5519943333333
2015-08-11 13:52:11.713,-0.0703546666666667,-0.228298333333333,0.260118,0.640794,0.126102333333333,0.290033333333333,-12.8563916666667,-30.1712016666667,2.851238,12.3323666666667,120.808115,-36.9875926666667,-0.098115,0.1475224,0.1034418,0.0073848,-0.0048468,-0.003007,-43.8613922,18.6211102,-2.1796014,28.2378272,-158.5042386,54.5788138
2015-08-11 13:52:11.733,-0.07018875,-0.23173625,0.25934375,0.703459,0.188792,0.352367,-12.1301135,-30.5139195,3.0102085,12.63580325,120.27591225,-36.5971825,-0.09198275,0.14707,0.106446,-0.0055205,0.003049,-0.00761825,-43.89825725,18.7497465,-2.2415915,28.18558375,-158.5290595,54.578246
2015-08-11 13:52:11.752,-0.069691,-0.2159205,0.253924,0.6259555,0.244152,0.341906,-12.609331,-30.449047,3.51941775,13.05178525,119.6242505,-36.0992435,-0.0937276666666667,0.145561333333333,0.102745,-0.009719,0.00948733333333333,-0.011333,-43.8037386666667,18.5172416666667,-2.40321733333333,28.1404573333333,-158.538412333333,54.5571913333333
2015-08-11 13:52:11.772,-0.0726775,-0.2241725,0.261666,0.466672,0.2911125,0.2741,-12.66966025,-30.62379875,3.9047545,13.44571325,119.024256,-35.82757975,-0.094974,0.148201,0.104487,-0.02674375,0.0121325,-0.01586075,-44.005438,18.41415325,-2.507713,28.133746,-158.556725,54.56171275
2015-08-11 13:52:11.792,-0.0769916666666667,-0.227381333333333,0.276633333333333,0.280078666666667,0.292257666666667,0.227114333333333,-12.305684,-31.209242,4.07435466666667,13.7706823333333,118.381785666667,-35.7350386666667,-0.0979655,0.14707,0.104487,-0.03246325,0.01525975,-0.00501575,-44.163976,18.60911475,-2.4269185,28.15263425,-158.547081,54.53048625
2015-08-11 13:52:11.812,-0.08014475,-0.2262355,0.28876125,0.101222,0.2589655,0.19285475,-12.188448,-31.25975525,4.30312375,14.04190775,117.673658,-35.76415725,-0.098713,0.14707,0.106446,-0.02428725,0.0164785,0.0033835,-43.826393,18.53903325,-2.3022895,28.19523,-158.514907,54.49254675
2015-08-11 13:52:11.832,-0.0842926666666667,-0.233799,0.292116333333333,0.00702133333333333,0.207754333333333,0.169489333333333,-11.9303226666667,-31.3688786666667,4.399147,14.249681,116.973396333333,-35.9206896666667,-0.097218,0.146315666666667,0.104487,-0.021916,0.0155843333333333,0.00404466666666667,-43.976753,18.597332,-2.42649766666667,28.220727,-158.479645333333,54.4605383333333
2015-08-11 13:52:11.852,-0.0872128,-0.2304986,0.2966578,-0.0537392,0.1575008,0.1506134,-11.5666158,-31.6012156,3.9543022,14.4433014,116.1182484,-36.1290314,-0.097218,0.148201,0.104487,-0.0199275,0.0071575,0.00070925,-43.81995775,18.6320415,-2.41428875,28.2218455,-158.460242,54.47198225
2015-08-11 13:52:11.872,-0.0889383333333333,-0.233799,0.293148333333333,-0.070754,0.106441,0.116637333333333,-11.722526,-31.7728853333333,3.94991433333333,14.5671843333333,115.303137333333,-36.3709563333333,-0.095722,0.14707,0.101874,-0.0161053333333333,0.006215,-0.010921,-43.9838076666667,18.8150256666667,-2.04591433333333,28.22974,-158.474231333333,54.4890383333333
2015-08-11 13:52:11.892,-0.0866155,-0.2351745,0.291084,-0.00940775,0.08048875,0.11012625,-12.25415075,-31.920645,4.09580975,14.626563,114.721775,-36.5723615,-0.096096,0.1487665,0.101874,-0.0163315,0.008072,-0.010817,-44.0155275,18.714088,-2.218919,28.2331905,-158.50179675,54.53891175
2015-08-11 13:52:11.913,-0.08562,-0.2241725,0.280246,6.05E-05,0.0520705,0.085442,-12.1136775,-31.965051,4.117984,14.65356075,114.135111,-36.73462525,-0.097218,0.14707,0.10252725,0.00153725,0.0131855,-0.007379,-44.27171625,18.689247,-1.94569675,28.25738925,-158.53874475,54.60133475
2015-08-11 13:52:11.933,-0.0862836666666667,-0.216379,0.274568666666667,-0.0155663333333333,0.0492866666666667,0.0673063333333333,-12.2506273333333,-32.0443633333333,4.24347233333333,14.678875,113.578423666667,-36.855117,-0.097218,0.144052666666667,0.104487,0.000595333333333333,0.0191383333333333,-0.000124333333333333,-44.0177473333333,18.7390323333333,-1.87020066666667,28.2879126666667,-158.541932333333,54.601386
2015-08-11 13:52:11.953,-0.0866155,-0.2124825,0.27637525,-0.03627925,0.01265575,0.052355,-12.45766275,-32.12197775,3.69373375,14.69320425,113.07967075,-36.94809875,-0.0966196,0.142544,0.104487,-0.0005856,0.0080178,0.0141682,-44.1310342,18.7351656,-1.8585468,28.3179848,-158.524273,54.5485536
2015-08-11 13:52:11.974,-0.0826335,-0.2104195,0.281794,-0.06131325,0.00120125,0.03997575,-12.06616675,-31.928788,3.66649025,14.63410525,112.571872,-37.01371975,-0.095722,0.14537275,0.1031805,-0.009381,0.00493225,0.02102025,-43.9185085,18.76869775,-1.9524935,28.3147415,-158.51098325,54.530743
